IT_POSITION,SENTENCE_LENGTH,PUNCTUATION_COUNT,PRECEDING_NPS,SUCCEDING_NPS,IMMEDIATELY_FOLLOWS_PP,NEIGHBORS_POS_TAGS,FOLLOWED_BY_ING_VERB,FOLLOWED_BY_PREPOSITION,ADJECTIVES_AFTER_COUNT,VERB_BEFORE,VERB_AFTER,ADJECTIVES_AFTER,NOUN_PHRASE_WITH_ADJECTIVE_AFTER,TOKENS_BEFORE_NEXT_VERB_INF,TOKENS_BETWEEN_IT_AND_PREPOSITION,IMMEDIATELY_FOLLLOWED_BY_NOUN_ADJECTIVE,CLOSEST_DEPENDENCY
12,113,23,4,29,false,ADJ,NOUN,DET,VERB,PUNCT,PRON,VERB,VERB,false,true,5,true,true,true,true,28,7,false,dobj
87,113,23,25,8,true,DET,ADJ,NOUN,ADP,PUNCT,PUNCT,PUNCT,PRON,false,true,0,true,true,false,false,0,5,false,prep_of
104,113,23,30,3,true,PUNCT,CONJ,VERB,ADP,ADV,ADP,NOUN,PUNCT,false,true,0,true,true,false,false,0,1,false,prep_at
112,113,23,33,0,false,PUNCT,PUNCT,PROPN,VERB,PUNCT,ABS,ABS,ABS,false,false,0,true,false,false,false,0,0,false,dobj
12,19,4,3,2,false,PROPN,PROPN,VERB,VERB,DET,ADJ,NOUN,PUNCT,false,false,1,true,false,true,true,0,0,false,dobj
34,53,9,7,5,true,PUNCT,VERB,ADP,ADP,ADP,ADP,DET,NOUN,false,true,1,true,true,true,true,0,0,false,prep_out_of
41,53,9,9,3,false,DET,NOUN,PUNCT,PUNCT,VERB,NUM,ADP,DET,false,true,1,true,true,true,true,0,2,false,nsubj
2,34,5,0,7,false,ABS,ABS,ABS,PUNCT,VERB,PRON,ADP,PRON,false,true,2,false,true,true,true,0,2,false,nsubj
31,34,5,7,0,false,VERB,VERB,ADV,ADP,VERB,ADV,PUNCT,ABS,false,false,0,true,true,false,false,0,0,false,nsubj
12,42,10,1,8,true,VERB,ADV,VERB,ADP,PUNCT,PUNCT,PUNCT,PROPN,false,true,1,true,true,true,true,33,14,false,prep_to
28,42,10,6,3,true,DET,VERB,ADV,ADP,PUNCT,PUNCT,VERB,VERB,false,true,1,true,true,true,true,33,5,false,prep_in
36,42,10,7,2,false,VERB,ADJ,ADP,VERB,ADP,DET,NOUN,ADP,false,true,0,true,false,false,false,0,0,false,dobj
2,7,1,0,1,false,ABS,ABS,ABS,VERB,ADV,ADP,DET,NOUN,false,true,0,true,false,false,false,0,1,false,iobj
1,14,1,0,2,false,ABS,ABS,ABS,ABS,VERB,PRON,VERB,ADP,true,true,0,false,true,false,false,0,3,false,nsubj
18,58,15,5,9,false,VERB,PRON,ADP,VERB,PUNCT,PUNCT,PUNCT,INTJ,true,true,0,true,true,false,false,41,11,false,dobj
31,58,15,7,7,true,VERB,ADV,ADV,ADP,PUNCT,PUNCT,PUNCT,PRON,true,true,0,true,true,false,false,41,5,false,prep_of
49,58,15,12,2,true,PUNCT,ADP,PRON,ADP,CONJ,ADV,PUNCT,PUNCT,false,false,0,true,true,false,false,0,0,false,pobj
56,58,15,14,0,false,PUNCT,PUNCT,PRON,VERB,ADV,PUNCT,ABS,ABS,false,false,0,true,false,false,false,0,0,false,dobj
26,31,5,7,1,false,ADP,DET,NOUN,ADV,VERB,ADP,VERB,NOUN,false,true,0,true,true,false,false,27,1,false,nsubj
7,14,1,2,2,false,DET,NOUN,CONJ,VERB,ADP,DET,NOUN,ADP,false,true,0,true,false,false,false,0,0,false,dobj
4,113,22,0,30,false,PUNCT,PUNCT,ADV,ADV,VERB,VERB,VERB,ADP,true,true,3,false,true,true,true,0,3,false,nsubjpass
32,113,22,8,22,false,ADP,PRON,VERB,NOUN,VERB,VERB,VERB,PUNCT,true,true,2,true,true,true,true,0,17,false,nsubjpass
60,113,22,14,16,false,NOUN,PUNCT,CONJ,VERB,ADP,DET,NOUN,ADP,true,true,1,true,true,true,true,0,0,false,dobj
84,113,22,21,9,false,CONJ,PRON,ADV,VERB,DET,ADJ,ADP,NUM,true,true,1,true,true,true,true,0,2,false,dobj
110,113,22,29,1,false,ADV,PRON,VERB,VERB,ADP,PRON,PUNCT,ABS,false,true,0,true,false,false,false,0,0,false,dobj
3,6,1,0,1,false,ABS,ABS,ADV,VERB,ADP,PRON,PUNCT,ABS,false,true,0,true,false,false,false,0,0,false,dobj
4,10,1,2,2,false,PUNCT,PRON,VERB,PRON,VERB,ADV,PRON,PRON,false,false,0,true,true,false,false,0,0,false,nsubj
1,9,1,0,2,false,ABS,ABS,ABS,ABS,VERB,ADV,VERB,PRON,false,true,1,false,true,true,true,0,4,false,nsubj
4,6,1,1,0,false,PUNCT,PRON,VERB,VERB,ADP,PUNCT,ABS,ABS,false,true,0,true,false,false,false,0,0,false,dobj
4,7,1,1,1,false,PUNCT,PRON,VERB,VERB,ADP,PROPN,PUNCT,ABS,false,true,0,true,false,false,false,0,0,false,dobj
4,89,15,1,18,false,PUNCT,PUNCT,PRON,VERB,ADP,PUNCT,CONJ,VERB,true,true,2,true,true,true,true,62,0,false,dobj
14,89,15,3,16,false,ADP,DET,NOUN,VERB,ADV,PUNCT,PUNCT,PUNCT,true,true,2,true,true,true,true,62,7,false,dobj
21,89,15,5,14,false,PUNCT,PUNCT,PRON,VERB,ADP,PUNCT,CONJ,VERB,true,true,2,true,true,true,true,62,0,false,dobj
31,89,15,7,12,false,ADP,DET,NOUN,VERB,ADV,PUNCT,PUNCT,PUNCT,false,true,2,true,true,true,true,62,9,false,dobj
65,89,15,15,4,false,PRON,NOUN,ADP,VERB,VERB,VERB,PRON,NOUN,false,true,0,true,true,false,false,0,8,false,dobj
80,89,15,18,1,false,NOUN,NOUN,PUNCT,PUNCT,VERB,ADV,VERB,CONJ,false,true,0,true,true,false,false,0,5,false,nsubjpass
15,148,28,3,26,false,ADP,DET,ADJ,NOUN,VERB,PRON,NOUN,PUNCT,false,true,10,true,true,true,true,0,5,false,NO_DEP
25,148,28,0,0,false,ADP,ADJ,PRON,VERB,VERB,ADP,PRON,NOUN,false,true,9,true,true,true,true,0,1,false,NO_DEP
39,148,28,8,21,false,DET,NOUN,NOUN,PUNCT,VERB,VERB,ADJ,PUNCT,false,true,9,true,true,true,true,0,8,false,NO_DEP
59,148,28,12,17,false,ADP,DET,ADJ,NOUN,VERB,PRON,NOUN,PUNCT,false,true,6,true,true,true,true,0,5,false,NO_DEP
69,148,28,0,0,false,ADP,ADJ,PRON,VERB,VERB,ADP,PRON,NOUN,false,true,5,true,true,true,true,0,1,false,NO_DEP
83,148,28,17,12,false,DET,NOUN,NOUN,PUNCT,VERB,VERB,ADJ,PUNCT,false,true,5,true,true,true,true,0,8,false,NO_DEP
103,148,28,21,8,false,ADP,DET,ADJ,NOUN,VERB,PRON,NOUN,PUNCT,false,true,2,true,true,true,true,0,5,false,NO_DEP
113,148,28,0,0,false,ADP,ADJ,PRON,VERB,VERB,ADP,PRON,NOUN,false,true,1,true,true,true,true,0,1,false,NO_DEP
127,148,28,26,3,false,DET,NOUN,NOUN,PUNCT,VERB,VERB,ADJ,PUNCT,false,true,1,true,true,true,true,0,7,false,NO_DEP
136,148,28,28,1,false,PUNCT,PRON,VERB,ADP,VERB,VERB,NOUN,NOUN,false,false,0,true,true,false,false,0,0,false,NO_DEP
14,40,5,3,9,false,PUNCT,ADP,PROPN,VERB,ADP,PRON,NOUN,PUNCT,true,true,1,true,true,true,true,0,0,false,dobj
22,40,5,6,6,false,PUNCT,PUNCT,PRON,VERB,ADP,VERB,DET,NOUN,true,true,1,true,true,true,true,0,0,false,dobj
20,22,4,4,0,false,ADV,PUNCT,PRON,VERB,ADV,PUNCT,ABS,ABS,false,false,0,true,false,false,false,0,0,false,dobj
13,56,13,2,7,false,PRON,NOUN,ADP,VERB,ADP,PUNCT,CONJ,VERB,false,true,1,true,true,true,true,0,0,false,dep
32,56,13,5,4,false,ADV,VERB,PUNCT,CONJ,VERB,VERB,PRON,NOUN,false,true,1,true,true,true,true,0,11,false,nsubj
43,56,13,8,1,false,PUNCT,CONJ,PRON,VERB,ADP,ADV,CONJ,ADJ,false,true,1,true,false,true,true,0,0,false,dobj
7,367,80,1,96,false,DET,NOUN,PUNCT,VERB,PUNCT,PUNCT,PUNCT,PRON,true,true,14,true,true,true,true,172,29,false,NO_DEP
13,367,80,3,94,false,PUNCT,PUNCT,PRON,VERB,PUNCT,CONJ,VERB,PRON,true,true,14,true,true,true,true,172,23,false,NO_DEP
17,367,80,4,93,false,PRON,PUNCT,CONJ,VERB,ADV,PUNCT,PUNCT,PUNCT,true,true,14,true,true,true,true,172,19,false,NO_DEP
24,367,80,6,91,false,PUNCT,PUNCT,PRON,VERB,PUNCT,CONJ,VERB,PRON,true,true,14,true,true,true,true,172,12,false,NO_DEP
28,367,80,7,90,false,PRON,PUNCT,CONJ,VERB,ADV,PUNCT,PUNCT,PUNCT,true,true,14,true,true,true,true,172,8,false,NO_DEP
46,367,80,11,86,false,DET,NOUN,PUNCT,CONJ,VERB,DET,ADJ,NOUN,true,true,14,true,true,true,true,172,5,false,NO_DEP
57,367,80,15,82,true,PUNCT,DET,NOUN,ADP,VERB,ADV,PUNCT,PRON,true,true,13,true,true,true,true,172,11,false,NO_DEP
61,367,80,16,81,false,PRON,VERB,ADV,PUNCT,VERB,ADV,PUNCT,CONJ,true,true,13,true,true,true,true,172,7,false,NO_DEP
88,367,80,22,75,false,DET,NOUN,PUNCT,CONJ,VERB,DET,ADJ,NOUN,true,true,13,true,true,true,true,172,5,false,NO_DEP
99,367,80,26,71,true,PUNCT,DET,NOUN,ADP,VERB,ADV,PUNCT,PRON,true,true,12,true,true,true,true,172,11,false,NO_DEP
103,367,80,27,70,false,PRON,VERB,ADV,PUNCT,VERB,ADV,PUNCT,CONJ,true,true,12,true,true,true,true,172,7,false,NO_DEP
130,367,80,33,64,false,DET,NOUN,PUNCT,CONJ,VERB,DET,ADJ,NOUN,true,true,12,true,true,true,true,172,5,false,NO_DEP
141,367,80,37,60,true,PUNCT,DET,NOUN,ADP,VERB,ADV,PUNCT,PRON,true,true,11,true,true,true,true,172,11,false,NO_DEP
145,367,80,38,59,false,PRON,VERB,ADV,PUNCT,VERB,ADV,PUNCT,CONJ,true,true,11,true,true,true,true,172,7,false,NO_DEP
170,367,80,44,53,false,NOUN,PUNCT,CONJ,VERB,ADP,PRON,ADP,VERB,true,true,11,true,true,true,true,172,0,false,NO_DEP
178,367,80,46,51,false,VERB,PUNCT,PUNCT,PUNCT,VERB,DET,ADJ,NOUN,true,true,11,true,true,true,true,0,4,false,NO_DEP
209,367,80,54,43,false,DET,NOUN,ADP,VERB,PUNCT,CONJ,NOUN,CONJ,true,true,9,true,true,true,true,0,12,false,NO_DEP
215,367,80,56,41,false,CONJ,NOUN,CONJ,VERB,ADJ,NOUN,PUNCT,DET,true,true,9,true,true,true,true,0,6,true,NO_DEP
235,367,80,63,34,false,PUNCT,PUNCT,PRON,VERB,ADV,PUNCT,CONJ,ADV,true,true,7,true,true,true,true,0,7,false,NO_DEP
297,367,80,78,19,true,ADP,ADP,VERB,ADP,PUNCT,PUNCT,PUNCT,PROPN,true,true,1,true,true,true,true,0,8,false,NO_DEP
311,367,80,82,15,false,NOUN,PUNCT,CONJ,VERB,ADV,PUNCT,PUNCT,PUNCT,true,true,1,true,true,true,true,0,11,false,NO_DEP
333,367,80,88,9,false,DET,NOUN,PUNCT,VERB,ADP,NOUN,PUNCT,CONJ,false,true,1,true,true,true,true,0,0,false,NO_DEP
346,367,80,92,5,false,ADV,VERB,ADV,ADP,VERB,NUM,CONJ,PUNCT,false,true,1,true,true,true,true,0,14,false,NO_DEP
362,367,80,96,1,false,PUNCT,PUNCT,PUNCT,ADP,VERB,ADV,VERB,NOUN,false,false,0,true,true,false,false,0,0,false,NO_DEP
20,54,14,5,9,false,DET,NOUN,PUNCT,VERB,ADP,NOUN,PUNCT,CONJ,false,true,1,true,true,true,true,0,0,false,dobj
33,54,14,9,5,false,ADV,VERB,ADV,ADP,VERB,NUM,CONJ,PUNCT,false,true,1,true,true,true,true,0,14,false,nsubj
49,54,14,13,1,false,PUNCT,PUNCT,PUNCT,ADP,VERB,ADV,VERB,NOUN,false,false,0,true,true,false,false,0,0,false,nsubj
20,54,14,5,9,false,DET,NOUN,PUNCT,VERB,ADP,NOUN,PUNCT,CONJ,false,true,1,true,true,true,true,0,0,false,dobj
33,54,14,9,5,false,ADV,VERB,ADV,ADP,VERB,NUM,CONJ,PUNCT,false,true,1,true,true,true,true,0,14,false,nsubj
49,54,14,13,1,false,PUNCT,PUNCT,PUNCT,ADP,VERB,ADV,VERB,NOUN,false,false,0,true,true,false,false,0,0,false,nsubj
3,106,23,0,23,false,ABS,ABS,PUNCT,PUNCT,VERB,PUNCT,CONJ,PRON,false,true,2,false,true,true,true,0,9,false,nsubj
21,106,23,4,19,false,PUNCT,VERB,CONJ,VERB,PUNCT,CONJ,VERB,DET,false,true,2,true,true,true,true,0,5,false,dobj
50,106,23,11,12,false,NOUN,PUNCT,PUNCT,PUNCT,VERB,PUNCT,CONJ,PRON,false,true,1,true,true,true,true,0,9,false,nsubj
68,106,23,15,8,false,PUNCT,VERB,CONJ,VERB,PUNCT,CONJ,VERB,DET,false,true,1,true,true,true,true,0,5,false,dobj
97,106,23,22,1,false,NOUN,PUNCT,PUNCT,CONJ,VERB,VERB,VERB,PUNCT,false,true,0,true,true,false,false,0,6,false,nsubjpass
10,75,18,2,13,false,PRON,NOUN,PUNCT,VERB,ADV,PUNCT,PUNCT,PUNCT,true,true,2,true,true,true,true,19,8,false,dobj
22,75,18,3,12,false,ADV,ADP,ADP,VERB,PUNCT,PUNCT,PUNCT,ADV,true,true,2,true,true,true,true,66,10,false,dobj
42,75,18,8,7,false,NOUN,NOUN,PUNCT,VERB,ADP,ADV,PUNCT,PUNCT,false,true,1,true,true,true,true,66,0,false,dobj
51,75,18,10,5,false,PUNCT,INTJ,PUNCT,ADP,VERB,ADV,ADV,ADJ,false,true,1,true,true,true,true,66,6,false,nsubj
63,75,18,12,3,false,NOUN,PUNCT,PUNCT,PUNCT,VERB,VERB,ADP,ADP,false,true,0,true,true,false,false,66,2,false,nsubj
11,72,12,1,17,false,ADJ,PUNCT,PUNCT,PUNCT,VERB,VERB,VERB,VERB,false,true,4,false,true,true,true,0,4,false,nsubjpass
28,72,12,5,13,false,VERB,ADP,ADV,VERB,ADP,NOUN,CONJ,DET,false,true,3,true,true,true,true,0,0,false,dobj
38,72,12,8,10,false,NOUN,PUNCT,PUNCT,PUNCT,VERB,VERB,VERB,VERB,false,true,2,true,true,true,true,0,4,false,nsubjpass
55,72,12,12,6,false,VERB,ADP,ADV,VERB,ADP,NOUN,CONJ,DET,false,true,1,true,true,true,true,0,0,false,dobj
66,72,12,16,2,false,PUNCT,PUNCT,PRON,VERB,VERB,DET,NOUN,ADP,false,true,0,true,true,false,false,0,3,false,nsubj
8,10,4,1,0,false,PUNCT,PUNCT,PUNCT,CONJ,VERB,PUNCT,ABS,ABS,false,false,0,false,true,false,false,0,0,false,dep
13,46,8,4,10,false,CONJ,VERB,PRON,VERB,ADV,ADP,PRON,NOUN,true,true,2,true,true,true,true,0,1,false,dobj
41,46,8,12,2,false,NOUN,PUNCT,VERB,DET,CONJ,DET,ADP,PROPN,false,true,0,true,false,false,false,0,2,false,dobj
7,17,4,2,1,false,ADP,ADV,PUNCT,PUNCT,VERB,VERB,ADV,VERB,false,false,0,false,true,false,false,0,0,false,nsubjpass
14,17,4,3,0,false,ADV,VERB,PUNCT,VERB,ADV,ADV,PUNCT,ABS,false,false,0,true,false,false,false,0,0,false,nsubj
6,188,32,1,51,false,PRON,VERB,VERB,ADP,VERB,DET,NOUN,PUNCT,true,true,0,true,true,false,false,0,8,false,NO_DEP
19,188,32,5,47,false,ADP,NOUN,PUNCT,CONJ,VERB,NOUN,ADP,PRON,true,true,0,true,true,false,false,0,2,false,NO_DEP
23,188,32,7,45,true,PRON,VERB,NOUN,ADP,PUNCT,CONJ,PRON,VERB,true,true,0,true,true,false,false,0,5,false,NO_DEP
30,188,32,9,43,true,PRON,VERB,VERB,ADP,PUNCT,ADV,ADP,ADP,true,true,0,true,true,false,false,0,2,false,NO_DEP
49,188,32,13,39,false,PRON,VERB,VERB,ADP,VERB,DET,NOUN,PUNCT,true,true,0,true,true,false,false,0,8,false,NO_DEP
62,188,32,17,35,false,ADP,NOUN,PUNCT,CONJ,VERB,NOUN,ADP,PRON,true,true,0,true,true,false,false,0,2,false,NO_DEP
66,188,32,19,33,true,PRON,VERB,NOUN,ADP,PUNCT,CONJ,PRON,VERB,true,true,0,true,true,false,false,0,5,false,NO_DEP
73,188,32,21,31,true,PRON,VERB,VERB,ADP,PUNCT,ADV,ADP,ADP,true,true,0,true,true,false,false,0,2,false,NO_DEP
92,188,32,25,27,false,PRON,VERB,VERB,ADP,VERB,DET,NOUN,PUNCT,true,true,0,true,true,false,false,0,8,false,NO_DEP
105,188,32,29,23,false,ADP,NOUN,PUNCT,CONJ,VERB,NOUN,ADP,PRON,true,true,0,true,true,false,false,0,2,false,NO_DEP
109,188,32,31,21,true,PRON,VERB,NOUN,ADP,PUNCT,CONJ,PRON,VERB,true,true,0,true,true,false,false,0,5,false,NO_DEP
116,188,32,33,19,true,PRON,VERB,VERB,ADP,PUNCT,ADV,ADP,ADP,true,true,0,true,true,false,false,0,2,false,NO_DEP
135,188,32,37,15,false,PRON,VERB,VERB,ADP,VERB,DET,NOUN,PUNCT,true,true,0,true,true,false,false,0,8,false,NO_DEP
148,188,32,41,11,false,ADP,NOUN,PUNCT,CONJ,VERB,NOUN,ADP,PRON,true,true,0,true,true,false,false,0,2,false,NO_DEP
152,188,32,43,9,true,PRON,VERB,NOUN,ADP,PUNCT,CONJ,PRON,VERB,true,true,0,true,true,false,false,0,5,false,NO_DEP
159,188,32,45,7,true,PRON,VERB,VERB,ADP,PUNCT,ADV,ADP,ADP,false,true,0,true,true,false,false,0,2,false,NO_DEP
182,188,32,51,1,false,NOUN,PUNCT,CONJ,DET,VERB,PUNCT,ADP,PRON,false,true,0,true,true,false,false,0,2,false,NO_DEP
10,12,2,2,0,true,ADJ,ADP,VERB,ADP,ADV,PUNCT,ABS,ABS,false,false,0,true,false,false,false,0,0,false,prep_with
15,109,25,4,30,false,VERB,PRON,VERB,VERB,ADP,ADP,DET,ADJ,false,true,1,true,true,true,true,73,0,false,dobj
28,109,25,8,26,false,PUNCT,PUNCT,PRON,VERB,ADP,ADP,PRON,DET,false,true,0,true,true,false,false,73,0,false,dobj
37,109,25,11,23,false,NOUN,PUNCT,CONJ,VERB,ADP,DET,NOUN,PUNCT,false,true,0,true,true,false,false,73,0,false,dobj
46,109,25,14,20,false,PUNCT,PUNCT,PRON,VERB,ADP,ADP,PRON,DET,false,true,0,true,true,false,false,73,0,false,dobj
55,109,25,17,17,false,NOUN,PUNCT,CONJ,VERB,ADP,DET,NOUN,PUNCT,false,true,0,true,true,false,false,73,0,false,dobj
64,109,25,20,14,false,PUNCT,PUNCT,PRON,VERB,NOUN,ADP,NOUN,PUNCT,false,true,0,true,true,false,false,73,1,false,dobj
78,109,25,25,9,true,ADP,VERB,ADV,ADP,PUNCT,PUNCT,PUNCT,PRON,false,true,0,true,true,false,false,93,7,false,prep_for
84,109,25,27,7,false,PUNCT,PUNCT,PRON,VERB,NOUN,ADP,NOUN,PUNCT,false,true,0,true,true,false,false,93,1,false,dobj
98,109,25,32,2,true,ADP,VERB,ADV,ADP,PUNCT,PUNCT,PRON,VERB,false,true,0,true,true,false,false,0,7,false,prep_for
108,109,25,34,0,false,ADV,VERB,ADP,ADP,PUNCT,ABS,ABS,ABS,false,false,0,true,false,false,false,0,0,false,prep_about
3,16,6,0,3,true,ABS,ABS,PUNCT,ADP,PUNCT,INTJ,PUNCT,ADV,false,true,0,false,true,false,false,0,10,false,pcomp
15,16,6,3,0,true,PRON,VERB,ADV,ADP,PUNCT,ABS,ABS,ABS,false,false,0,true,false,false,false,0,0,false,prep_for
7,76,19,2,19,false,PUNCT,CONJ,PRON,VERB,VERB,ADV,ADP,DET,false,true,3,true,true,true,true,0,2,false,nsubj
16,76,19,5,16,false,ADJ,NOUN,NOUN,ADP,VERB,NOUN,PUNCT,PUNCT,false,true,2,true,true,true,true,0,10,false,nsubj
32,76,19,10,11,false,NOUN,PUNCT,CONJ,VERB,ADV,PUNCT,PUNCT,PUNCT,false,true,2,true,true,true,true,0,9,false,dobj
47,76,19,14,7,false,DET,NOUN,PUNCT,ADV,VERB,VERB,ADP,DET,false,true,2,true,true,true,true,0,2,false,nsubjpass
65,76,19,18,3,false,PRON,VERB,VERB,VERB,ADV,PUNCT,NOUN,PUNCT,false,false,1,true,true,true,true,0,0,false,dobj
74,76,19,21,0,false,PUNCT,DET,ADJ,NOUN,VERB,PUNCT,ABS,ABS,false,false,0,true,true,false,false,0,0,false,dep
1,8,1,0,2,false,ABS,ABS,ABS,ABS,VERB,PROPN,NUM,ADP,false,true,0,false,true,false,false,0,3,false,nsubj
16,22,4,3,1,false,NUM,NOUN,ADV,PUNCT,VERB,ADV,ADP,ADJ,false,true,1,true,true,true,true,0,2,false,nsubj
4,6,2,1,0,false,PUNCT,PUNCT,PRON,VERB,ADV,PUNCT,ABS,ABS,false,false,0,true,false,false,false,0,0,false,dobj
2,83,24,0,23,false,ABS,ABS,ABS,PUNCT,VERB,ADV,NOUN,PUNCT,true,true,0,false,true,false,false,0,11,false,nsubj
23,83,24,5,18,false,INTJ,PUNCT,INTJ,PUNCT,VERB,VERB,ADP,PRON,false,true,0,true,true,false,false,0,2,false,nsubjpass
35,83,24,9,14,false,PUNCT,CONJ,PRON,VERB,ADP,ADP,DET,NOUN,false,true,0,true,true,false,false,0,0,false,dobj
46,83,24,12,11,false,PUNCT,ADV,PRON,VERB,PUNCT,PUNCT,PUNCT,INTJ,false,true,0,true,true,false,false,0,10,false,dobj
54,83,24,14,9,false,INTJ,PUNCT,INTJ,PUNCT,VERB,VERB,ADP,PRON,false,true,0,true,true,false,false,0,2,false,nsubjpass
66,83,24,18,5,false,PUNCT,CONJ,PRON,VERB,ADP,ADP,DET,NOUN,false,true,0,true,true,false,false,0,0,false,dobj
77,83,24,21,2,false,PUNCT,ADV,PRON,VERB,PUNCT,PUNCT,PRON,VERB,false,false,0,true,true,false,false,0,0,false,dobj
82,83,24,23,0,false,PUNCT,PUNCT,PRON,VERB,PUNCT,ABS,ABS,ABS,false,false,0,true,false,false,false,0,0,false,rcmod
3,7,1,1,1,false,ABS,ABS,PRON,VERB,ADP,PRON,NOUN,PUNCT,false,true,0,true,false,false,false,0,0,false,dobj
4,11,1,1,1,false,PUNCT,VERB,PRON,VERB,ADV,ADV,ADP,DET,false,true,0,true,false,false,false,0,2,false,dobj
22,134,25,4,29,false,PROPN,VERB,ADP,VERB,ADV,PUNCT,ADP,VERB,true,true,1,true,true,true,true,37,2,false,NO_DEP
40,134,25,8,25,false,PRON,VERB,ADP,VERB,ADP,PUNCT,CONJ,VERB,true,true,1,true,true,true,true,66,0,false,NO_DEP
45,134,25,10,23,false,ADP,PUNCT,CONJ,VERB,ADP,DET,NOUN,ADP,true,true,1,true,true,true,true,66,0,false,NO_DEP
56,134,25,13,20,false,NOUN,PUNCT,CONJ,VERB,ADP,PRON,NOUN,ADV,true,true,1,true,true,true,true,66,0,false,NO_DEP
69,134,25,16,17,false,PRON,VERB,ADP,VERB,ADP,PUNCT,CONJ,VERB,true,true,1,true,true,true,true,95,0,false,NO_DEP
74,134,25,18,15,false,ADP,PUNCT,CONJ,VERB,ADP,DET,NOUN,ADP,true,true,1,true,true,true,true,95,0,false,NO_DEP
85,134,25,21,12,false,NOUN,PUNCT,CONJ,VERB,ADP,PRON,NOUN,ADV,true,true,1,true,true,true,true,95,0,false,NO_DEP
98,134,25,24,9,false,PRON,VERB,ADP,VERB,ADP,PUNCT,CONJ,VERB,false,true,1,true,true,true,true,0,0,false,NO_DEP
103,134,25,26,7,false,ADP,PUNCT,CONJ,VERB,ADP,DET,NOUN,ADP,false,true,1,true,true,true,true,0,0,false,NO_DEP
114,134,25,29,4,false,NOUN,PUNCT,CONJ,VERB,ADP,PRON,NOUN,ADV,false,true,1,true,true,true,true,0,0,false,NO_DEP
132,134,25,33,0,false,ADJ,NOUN,PUNCT,VERB,ADV,PUNCT,ABS,ABS,false,false,0,true,false,false,false,0,0,false,NO_DEP
8,26,9,1,5,false,DET,NOUN,PUNCT,VERB,ADP,DET,NOUN,ADP,false,true,0,true,false,false,false,0,0,false,dep
7,11,2,2,1,false,NOUN,VERB,PRON,VERB,ADV,ADJ,NOUN,PUNCT,false,false,1,true,false,true,true,0,0,false,dobj
6,9,1,0,1,false,ADV,VERB,PRON,VERB,ADP,PROPN,PUNCT,ABS,false,true,0,true,false,false,false,0,0,false,dobj
26,44,8,6,8,true,DET,VERB,NOUN,ADP,PUNCT,INTJ,PUNCT,PRON,false,true,0,true,true,false,false,0,15,false,prep_in
30,44,8,8,6,false,PRON,PUNCT,INTJ,PUNCT,VERB,PRON,PUNCT,PUNCT,false,true,0,true,true,false,false,0,11,false,nsubj
43,44,8,14,0,true,DET,VERB,NOUN,ADP,PUNCT,ABS,ABS,ABS,false,false,0,true,false,false,false,0,0,false,prep_in
3,282,50,0,79,false,ABS,ABS,PUNCT,VERB,ADP,DET,NOUN,PUNCT,false,true,6,true,true,true,true,35,0,false,NO_DEP
16,282,50,3,76,false,ADJ,NOUN,NOUN,PUNCT,VERB,PUNCT,PUNCT,PUNCT,false,true,5,true,true,true,true,35,19,false,NO_DEP
24,282,50,5,74,false,PUNCT,PRON,ADV,VERB,ADV,PRON,VERB,DET,false,true,5,true,true,true,true,35,11,false,NO_DEP
38,282,50,9,70,false,PRON,VERB,ADP,VERB,ADP,DET,NOUN,NOUN,false,true,5,true,true,true,true,53,0,false,NO_DEP
45,282,50,12,67,false,NOUN,NOUN,PRON,VERB,ADP,ADV,PUNCT,CONJ,false,true,5,true,true,true,true,53,0,false,NO_DEP
57,282,50,16,63,false,VERB,ADP,VERB,VERB,ADV,ADV,PUNCT,CONJ,false,true,5,true,true,true,true,63,6,false,NO_DEP
74,282,50,20,59,false,PUNCT,PRON,ADV,VERB,ADV,PRON,VERB,DET,false,true,4,true,true,true,true,85,11,false,NO_DEP
88,282,50,24,55,false,PRON,VERB,ADP,VERB,ADP,DET,NOUN,NOUN,false,true,4,true,true,true,true,103,0,false,NO_DEP
95,282,50,27,52,false,NOUN,NOUN,PRON,VERB,ADP,ADV,PUNCT,CONJ,false,true,4,true,true,true,true,103,0,false,NO_DEP
107,282,50,31,48,false,VERB,ADP,VERB,VERB,ADV,ADV,PUNCT,CONJ,false,true,4,true,true,true,true,113,6,false,NO_DEP
124,282,50,35,44,false,PUNCT,PRON,ADV,VERB,ADV,PRON,VERB,DET,false,true,3,true,true,true,true,135,11,false,NO_DEP
138,282,50,39,40,false,PRON,VERB,ADP,VERB,ADP,DET,NOUN,NOUN,false,true,3,true,true,true,true,153,0,false,NO_DEP
145,282,50,42,37,false,NOUN,NOUN,PRON,VERB,ADP,ADV,PUNCT,CONJ,false,true,3,true,true,true,true,153,0,false,NO_DEP
157,282,50,46,33,false,VERB,ADP,VERB,VERB,ADV,ADV,PUNCT,CONJ,false,true,3,true,true,true,true,163,6,false,NO_DEP
174,282,50,50,29,false,PUNCT,PRON,ADV,VERB,ADV,PRON,VERB,DET,false,true,2,true,true,true,true,185,11,false,NO_DEP
188,282,50,54,25,false,PRON,VERB,ADP,VERB,ADP,DET,NOUN,NOUN,false,true,2,true,true,true,true,203,0,false,NO_DEP
195,282,50,57,22,false,NOUN,NOUN,PRON,VERB,ADP,ADV,PUNCT,CONJ,false,true,2,true,true,true,true,203,0,false,NO_DEP
207,282,50,61,18,false,VERB,ADP,VERB,VERB,ADV,ADV,PUNCT,CONJ,false,true,2,true,true,true,true,213,6,false,NO_DEP
224,282,50,65,14,false,PUNCT,ADP,PRON,VERB,ADP,ADP,PRON,NOUN,false,true,1,true,true,true,true,0,0,false,NO_DEP
232,282,50,67,12,false,NOUN,PUNCT,CONJ,VERB,ADP,PUNCT,PUNCT,PUNCT,false,true,1,true,true,true,true,0,0,false,NO_DEP
240,282,50,69,10,false,PUNCT,ADP,PRON,VERB,ADP,ADP,PRON,NOUN,false,true,1,true,true,true,true,0,0,false,NO_DEP
248,282,50,71,8,false,NOUN,PUNCT,CONJ,VERB,ADP,PUNCT,PUNCT,PUNCT,false,true,1,true,true,true,true,0,0,false,NO_DEP
262,282,50,75,4,false,ADP,NOUN,PUNCT,CONJ,VERB,PRON,PUNCT,PUNCT,false,false,0,true,true,false,false,0,0,false,NO_DEP
272,282,50,78,1,false,INTJ,PUNCT,INTJ,PUNCT,ADV,VERB,PUNCT,PUNCT,false,false,0,true,true,false,false,0,0,false,NO_DEP
277,282,50,79,0,false,ADV,VERB,PUNCT,PUNCT,VERB,ADV,VERB,VERB,false,false,0,true,true,false,false,0,0,false,NO_DEP
9,54,11,2,10,false,VERB,PUNCT,NOUN,PUNCT,VERB,VERB,CONJ,PRON,false,true,0,true,true,false,false,0,6,false,nsubjpass
17,54,11,4,8,false,PRON,VERB,VERB,ADP,VERB,VERB,CONJ,ADV,false,true,0,true,true,false,false,0,21,false,nsubjpass
32,54,11,7,5,false,VERB,PUNCT,NOUN,PUNCT,VERB,VERB,CONJ,PRON,false,true,0,true,true,false,false,0,6,false,nsubjpass
40,54,11,9,3,false,PRON,VERB,VERB,ADP,VERB,VERB,CONJ,ADV,false,true,0,true,true,false,false,0,11,false,nsubjpass
51,54,11,11,1,false,PRON,ADV,VERB,VERB,ADP,NOUN,PUNCT,ABS,false,true,0,true,false,false,false,0,0,false,dobj
11,37,8,1,7,false,PRON,VERB,VERB,VERB,ADP,ADP,DET,NOUN,false,true,1,true,true,true,true,0,0,false,dobj
34,37,8,8,0,false,PUNCT,PRON,ADV,VERB,VERB,VERB,PUNCT,ABS,false,false,0,true,true,false,false,0,0,false,nsubj
3,53,14,0,13,false,ABS,ABS,PUNCT,PUNCT,VERB,VERB,VERB,NOUN,false,true,0,false,true,false,false,0,22,false,nsubj
15,53,14,3,10,false,ADV,PUNCT,PUNCT,PUNCT,VERB,ADV,DET,NOUN,false,true,0,true,true,false,false,0,10,false,nsubj
22,53,14,5,8,false,DET,NOUN,PUNCT,CONJ,VERB,VERB,PRON,ADP,false,true,0,true,true,false,false,0,3,false,nsubj
25,53,14,6,7,false,CONJ,PRON,VERB,VERB,ADP,DET,NOUN,PUNCT,false,true,0,true,true,false,false,0,0,false,dobj
32,53,14,8,5,false,NOUN,PUNCT,PUNCT,PUNCT,VERB,ADV,DET,NOUN,false,true,0,true,true,false,false,0,10,false,nsubj
39,53,14,10,3,false,DET,NOUN,PUNCT,CONJ,VERB,VERB,PRON,ADP,false,true,0,true,true,false,false,0,3,false,nsubj
42,53,14,11,2,false,CONJ,PRON,VERB,VERB,ADP,DET,NOUN,PUNCT,false,true,0,true,true,false,false,0,0,false,dobj
48,53,14,13,0,false,DET,NOUN,PUNCT,PUNCT,VERB,ADV,VERB,ADV,false,false,0,true,true,false,false,0,0,false,nsubj
14,26,5,3,3,false,NOUN,PUNCT,CONJ,VERB,ADP,ADP,PRON,PUNCT,false,true,1,true,true,true,true,0,0,false,dobj
20,26,5,5,1,false,ADP,PRON,PUNCT,PUNCT,VERB,ADV,DET,ADJ,false,false,1,true,true,true,true,0,0,false,nsubj
15,29,6,2,3,true,ADJ,NOUN,VERB,ADP,PUNCT,ADV,ADP,ADJ,false,true,1,true,true,true,true,0,2,false,prep_across
28,29,6,5,0,true,VERB,DET,NOUN,ADP,PUNCT,ABS,ABS,ABS,false,false,0,true,false,false,false,0,0,false,prep_of
4,7,3,1,1,false,PUNCT,PUNCT,INTJ,PUNCT,VERB,PROPN,PUNCT,ABS,false,false,0,false,true,false,false,0,0,false,nsubj
7,9,3,0,0,false,PUNCT,CONJ,PRON,VERB,VERB,PUNCT,ABS,ABS,false,false,0,true,true,false,false,0,0,false,nsubj
8,11,4,1,0,false,PUNCT,PUNCT,PUNCT,CONJ,VERB,ADJ,PUNCT,ABS,false,false,1,true,true,true,true,0,0,false,pobj
2,5,1,0,1,false,ABS,ABS,ABS,VERB,DET,NOUN,PUNCT,ABS,false,false,0,true,false,false,false,0,0,false,nsubj
5,8,1,2,0,false,PRON,VERB,PRON,VERB,ADP,ADV,PUNCT,ABS,false,true,0,true,false,false,false,0,0,false,dobj
20,23,4,4,1,false,PRON,VERB,ADV,VERB,ADP,DET,PUNCT,ABS,false,true,0,true,false,false,false,0,0,false,dobj
4,9,1,1,1,false,PUNCT,PRON,ADV,VERB,ADP,DET,NOUN,NOUN,false,true,0,true,false,false,false,0,0,false,dobj
8,9,1,2,0,false,ADP,PRON,VERB,VERB,PUNCT,ABS,ABS,ABS,false,false,0,true,false,false,false,0,0,false,dobj
4,21,5,1,5,false,PUNCT,PROPN,VERB,VERB,PUNCT,PRON,VERB,VERB,false,true,1,true,true,true,true,10,6,false,dobj
13,21,5,4,2,false,ADJ,NOUN,ADP,VERB,ADP,ADV,PUNCT,PUNCT,false,true,0,true,false,false,false,0,0,false,dobj
4,91,17,1,23,false,PUNCT,PROPN,VERB,VERB,PUNCT,PRON,VERB,VERB,true,true,3,true,true,true,true,10,6,false,dobj
13,91,17,4,20,false,ADJ,NOUN,ADP,VERB,ADP,ADV,PUNCT,PUNCT,true,true,2,true,true,true,true,22,0,false,dobj
33,91,17,9,15,false,NOUN,PUNCT,CONJ,VERB,ADV,PUNCT,PRON,VERB,true,true,2,true,true,true,true,0,9,false,dobj
36,91,17,10,14,false,VERB,PRON,ADV,PUNCT,VERB,VERB,VERB,DET,true,true,2,true,true,true,true,0,6,false,nsubj
66,91,17,18,6,true,VERB,DET,VERB,ADP,PUNCT,PUNCT,PUNCT,ADV,false,true,1,true,true,true,true,0,9,false,prep_from
81,91,17,21,3,false,DET,NOUN,PUNCT,VERB,ADP,PRON,VERB,PUNCT,false,true,0,true,true,false,false,0,0,false,dobj
87,91,17,23,1,false,PRON,VERB,PUNCT,PUNCT,VERB,VERB,PRON,PUNCT,false,false,0,true,true,false,false,0,0,false,nsubj
1,9,1,0,1,false,ABS,ABS,ABS,ABS,VERB,ADJ,ADP,DET,false,true,2,false,true,true,true,0,2,false,nsubj
4,10,3,1,1,false,PUNCT,PUNCT,PRON,VERB,ADP,DET,NOUN,PUNCT,false,true,0,true,false,false,false,0,0,false,dobj
8,53,16,2,16,false,PUNCT,PRON,ADV,VERB,ADP,NOUN,PUNCT,PUNCT,true,true,0,true,true,false,false,0,0,false,dobj
14,53,16,4,14,false,NOUN,PUNCT,PUNCT,PUNCT,VERB,PRON,PUNCT,ADP,true,true,0,true,true,false,false,0,3,false,nsubj
24,53,16,8,10,true,VERB,DET,NOUN,ADP,PUNCT,PUNCT,PUNCT,PRON,true,true,0,true,true,false,false,0,7,false,prep_for
28,53,16,9,9,false,PRON,PUNCT,PUNCT,PUNCT,VERB,PRON,PUNCT,ADP,true,true,0,true,true,false,false,0,3,false,nsubj
38,53,16,13,5,true,VERB,DET,NOUN,ADP,PUNCT,PUNCT,PUNCT,VERB,true,true,0,true,true,false,false,0,9,false,prep_for
50,53,16,17,1,false,DET,NOUN,ADP,VERB,PUNCT,NOUN,PUNCT,ABS,false,false,0,true,false,false,false,0,0,false,dobj
7,61,15,1,13,false,PRON,VERB,PUNCT,CONJ,VERB,DET,NOUN,PUNCT,true,true,3,true,true,true,true,20,13,false,nsubj
14,61,15,3,11,false,NOUN,PUNCT,PUNCT,PUNCT,VERB,ADV,DET,NOUN,true,true,3,true,true,true,true,20,6,false,nsubj
42,61,15,11,3,false,NOUN,PUNCT,PUNCT,PUNCT,VERB,PUNCT,ADP,PRON,false,true,2,true,true,true,true,0,2,false,nsubj
59,61,15,14,0,false,PUNCT,PUNCT,ADV,VERB,ADV,PUNCT,ABS,ABS,false,false,0,true,false,false,false,0,0,false,nsubj
6,39,5,1,9,false,NOUN,PUNCT,CONJ,VERB,ADP,DET,NOUN,ADP,false,true,2,true,true,true,true,0,0,false,dobj
21,39,5,5,5,false,ADV,PRON,VERB,VERB,PUNCT,PUNCT,PUNCT,PRON,false,true,1,true,true,true,true,0,5,false,dobj
6,39,4,1,9,false,NOUN,PUNCT,CONJ,VERB,ADP,DET,NOUN,ADP,false,true,3,true,true,true,true,0,0,false,dobj
21,39,4,5,5,false,ADV,PRON,VERB,VERB,PUNCT,PUNCT,ADP,NOUN,false,true,2,true,true,true,true,0,2,false,dobj
31,39,4,8,2,false,VERB,ADV,ADJ,ADP,VERB,VERB,DET,ADJ,false,true,1,true,true,true,true,0,4,false,nsubjpass
16,27,5,4,4,false,PUNCT,PRON,VERB,VERB,ADP,PRON,PUNCT,PUNCT,false,true,1,true,true,true,true,0,0,false,dobj
23,27,5,7,1,false,PUNCT,PUNCT,PROPN,VERB,ADP,ADJ,NOUN,PUNCT,false,true,1,true,false,true,true,0,0,false,dobj
16,91,20,2,19,true,CONJ,VERB,ADV,ADP,ADP,PRON,VERB,PUNCT,true,true,1,true,true,true,true,44,0,false,prep_near
32,91,20,7,14,false,PRON,NOUN,PUNCT,VERB,ADV,ADV,VERB,CONJ,true,true,1,true,true,true,true,44,12,false,dobj
78,91,20,18,3,false,PUNCT,PUNCT,PRON,VERB,ADP,ADP,PRON,PUNCT,false,true,0,true,true,false,false,0,0,false,dobj
89,91,20,21,0,true,VERB,PRON,VERB,ADP,ADV,PUNCT,ABS,ABS,false,false,0,true,false,false,false,0,0,false,prep_with
8,63,14,1,16,false,INTJ,PUNCT,PRON,VERB,ADP,DET,ADJ,NOUN,true,true,4,true,true,true,true,0,0,false,dobj
16,63,14,3,14,false,NOUN,PUNCT,CONJ,VERB,ADP,DET,NOUN,ADP,true,true,3,true,true,true,true,0,0,false,dobj
38,63,14,10,7,false,INTJ,PUNCT,PRON,VERB,ADP,DET,ADJ,NOUN,true,true,2,true,true,true,true,0,0,false,dobj
46,63,14,12,5,false,NOUN,PUNCT,CONJ,VERB,ADP,DET,NOUN,ADP,true,true,1,true,true,true,true,0,0,false,dobj
13,19,3,3,2,false,VERB,PRON,ADV,ADJ,VERB,DET,NOUN,PUNCT,false,false,0,true,true,false,false,0,0,false,nsubj
36,62,14,8,5,false,ADP,DET,NOUN,ADP,VERB,NOUN,PUNCT,PUNCT,false,true,0,true,true,false,false,0,16,false,nsubj
52,62,14,11,2,false,PUNCT,PRON,VERB,VERB,ADP,PRON,NOUN,PUNCT,false,true,0,true,true,false,false,0,0,false,dobj
61,62,14,13,0,false,PUNCT,ADV,VERB,VERB,PUNCT,ABS,ABS,ABS,false,false,0,true,false,false,false,0,0,false,dobj
6,7,1,2,0,false,ADP,ADV,PRON,VERB,PUNCT,ABS,ABS,ABS,false,false,0,true,false,false,false,0,0,false,dobj
7,73,21,2,18,false,VERB,PRON,ADV,VERB,PUNCT,ADP,PUNCT,CONJ,true,true,0,true,true,false,false,0,1,false,dobj
16,73,21,4,16,true,VERB,DET,NOUN,ADP,PUNCT,PUNCT,PUNCT,PROPN,true,true,0,true,true,false,false,0,10,false,prep_of
25,73,21,7,13,false,VERB,PRON,ADV,VERB,PUNCT,ADP,PUNCT,CONJ,true,true,0,true,true,false,false,0,1,false,dobj
34,73,21,9,11,true,VERB,DET,NOUN,ADP,PUNCT,PUNCT,PUNCT,VERB,true,true,0,true,true,false,false,0,6,false,prep_of
46,73,21,13,7,false,PROPN,PUNCT,PROPN,VERB,PUNCT,CONJ,PRON,DET,false,true,0,true,true,false,false,0,5,false,dobj
58,73,21,17,3,false,PUNCT,PUNCT,PRON,VERB,PUNCT,ADP,ADP,NOUN,false,true,0,true,true,false,false,0,1,false,dobj
4,5,1,1,0,false,PUNCT,CONJ,PRON,VERB,PUNCT,ABS,ABS,ABS,false,false,0,true,false,false,false,0,0,false,dobj
9,29,5,1,5,false,NOUN,VERB,VERB,PUNCT,VERB,DET,ADV,ADJ,false,true,2,true,true,true,true,0,10,false,nsubj
28,29,5,6,0,false,DET,NOUN,VERB,VERB,PUNCT,ABS,ABS,ABS,false,false,0,true,false,false,false,0,0,false,dobj
1,19,1,0,4,false,ABS,ABS,ABS,ABS,VERB,ADJ,ADP,PRON,false,true,1,false,true,true,true,0,2,false,nsubj
7,19,1,2,2,false,ADJ,ADP,PRON,ADP,VERB,VERB,VERB,ADP,false,true,0,true,true,false,false,0,3,false,nsubjpass
12,19,1,3,1,false,VERB,VERB,VERB,ADP,VERB,VERB,CONJ,PRON,false,false,0,true,true,false,false,0,0,false,nsubjpass
1,19,1,0,4,false,ABS,ABS,ABS,ABS,VERB,ADJ,ADP,PRON,false,true,1,false,true,true,true,0,2,false,nsubj
7,19,1,2,2,false,ADJ,ADP,PRON,ADP,VERB,VERB,VERB,ADP,false,true,0,true,true,false,false,0,3,false,nsubjpass
12,19,1,3,1,false,VERB,VERB,VERB,ADP,VERB,VERB,CONJ,PRON,false,false,0,true,true,false,false,0,0,false,nsubjpass
12,28,6,2,4,false,VERB,VERB,ADP,VERB,PUNCT,ADV,VERB,PRON,true,true,0,true,true,false,false,0,13,false,dobj
24,28,6,5,1,false,PRON,VERB,VERB,VERB,ADV,ADP,PRON,PUNCT,false,true,0,true,false,false,false,0,1,false,dobj
3,6,1,0,0,false,ABS,ABS,CONJ,ADV,VERB,VERB,PUNCT,ABS,false,false,0,false,true,false,false,0,0,false,nsubjpass
1,11,4,0,1,false,ABS,ABS,ABS,ABS,VERB,VERB,PUNCT,PUNCT,false,false,0,false,true,false,false,0,0,false,root
9,11,4,1,0,false,PUNCT,PUNCT,CONJ,VERB,VERB,PUNCT,ABS,ABS,false,false,0,true,true,false,false,0,0,false,nsubj
1,11,4,0,1,false,ABS,ABS,ABS,ABS,VERB,VERB,PUNCT,PUNCT,false,false,0,false,true,false,false,0,0,false,root
9,11,4,1,0,false,PUNCT,PUNCT,CONJ,VERB,VERB,PUNCT,ABS,ABS,false,false,0,true,true,false,false,0,0,false,nsubj
1,6,1,0,1,false,ABS,ABS,ABS,ABS,VERB,VERB,DET,NOUN,false,false,0,false,true,false,false,0,0,false,nsubj
10,12,1,2,1,true,VERB,ADV,VERB,ADP,PRON,PUNCT,ABS,ABS,false,false,0,true,false,false,false,0,0,false,prep_of
3,4,1,1,0,false,ABS,ABS,PRON,VERB,PUNCT,ABS,ABS,ABS,false,false,0,true,false,false,false,0,0,false,nsubj
1,13,1,0,2,false,ABS,ABS,ABS,ABS,VERB,VERB,VERB,VERB,false,true,0,false,true,false,false,0,5,false,nsubjpass
1,17,4,0,3,false,ABS,ABS,ABS,ABS,VERB,ADV,ADP,DET,false,true,0,false,true,false,false,0,2,false,nsubj
2,29,8,0,7,false,ABS,ABS,ABS,PUNCT,VERB,VERB,ADP,NUM,false,true,0,false,true,false,false,0,2,false,nsubjpass
4,5,1,1,0,true,PUNCT,PROPN,VERB,ADP,PUNCT,ABS,ABS,ABS,false,false,0,true,false,false,false,0,0,false,dep
35,38,6,7,0,false,PUNCT,ADP,VERB,ADP,VERB,ADV,PUNCT,ABS,false,false,0,true,true,false,false,0,0,false,nsubj
11,30,9,1,4,false,PRON,VERB,ADV,VERB,ADP,DET,NOUN,PUNCT,false,true,0,true,true,false,false,0,0,false,dobj
29,30,9,5,0,false,PRON,VERB,ADV,VERB,PUNCT,ABS,ABS,ABS,false,false,0,true,false,false,false,0,0,false,dobj
1,11,1,0,2,false,ABS,ABS,ABS,ABS,VERB,DET,NOUN,DET,false,true,1,false,true,true,true,7,5,false,nsubj
4,14,1,1,3,false,PUNCT,PRON,VERB,ADP,VERB,DET,NOUN,ADP,false,true,1,true,true,true,true,0,3,false,nsubj
8,17,1,2,1,false,PRON,ADP,ADV,ADP,VERB,ADV,VERB,VERB,false,true,1,true,true,true,true,0,4,false,nsubjpass
5,13,4,0,1,false,PUNCT,ADV,PUNCT,ADP,VERB,VERB,VERB,CONJ,false,false,0,false,true,false,false,0,0,false,nsubjpass
7,64,9,1,15,false,ADP,ADV,VERB,VERB,ADP,PRON,NOUN,PUNCT,false,true,4,true,true,true,true,0,0,false,dobj
56,64,9,15,1,false,PUNCT,ADV,PUNCT,ADP,VERB,VERB,VERB,CONJ,false,false,0,true,true,false,false,0,0,false,nsubjpass
7,61,6,1,15,false,ADP,ADV,VERB,VERB,ADP,PRON,NOUN,PUNCT,false,true,5,true,true,true,true,55,0,false,dobj
58,61,6,16,0,false,NOUN,VERB,ADP,VERB,ADV,ADV,PUNCT,ABS,false,false,0,true,false,false,false,0,0,false,dobj
30,41,7,6,2,false,NOUN,PUNCT,CONJ,VERB,ADV,PUNCT,PUNCT,ADP,false,true,1,true,true,true,true,0,3,false,dobj
35,41,7,7,1,false,ADV,PUNCT,PUNCT,ADP,VERB,ADP,DET,ADV,false,true,1,true,true,true,true,0,1,false,nsubj
1,4,1,0,1,false,ABS,ABS,ABS,ABS,VERB,PRON,PUNCT,ABS,false,false,0,false,true,false,false,0,0,false,nsubj
1,9,1,0,2,false,ABS,ABS,ABS,ABS,VERB,DET,NOUN,ADP,false,true,1,false,true,true,true,0,3,false,nsubj
10,17,3,1,2,false,NOUN,CONJ,NOUN,PUNCT,VERB,ADP,DET,NOUN,false,true,0,true,true,false,false,0,1,false,nsubj
23,27,3,6,0,false,ADP,NUM,NOUN,ADP,VERB,VERB,VERB,PUNCT,false,false,0,true,true,false,false,0,0,false,nsubjpass
2,79,15,0,17,false,ABS,ABS,ABS,PUNCT,VERB,VERB,ADP,ADJ,true,true,5,false,true,true,true,15,2,false,nsubjpass
42,79,15,10,7,false,DET,NOUN,CONJ,VERB,ADJ,PUNCT,PUNCT,PUNCT,false,true,3,true,true,true,true,75,8,false,nsubj
47,79,15,11,6,false,ADJ,PUNCT,PUNCT,PUNCT,VERB,VERB,VERB,ADP,false,true,2,true,true,true,true,75,3,false,nsubjpass
78,79,15,17,0,false,ADV,ADJ,ADP,VERB,PUNCT,ABS,ABS,ABS,false,false,0,true,false,false,false,0,0,false,dobj
4,8,1,1,1,false,PUNCT,PROPN,VERB,VERB,ADP,DET,NOUN,PUNCT,false,true,0,true,false,false,false,0,0,false,dobj
12,170,39,3,38,false,NOUN,PUNCT,PRON,VERB,ADV,PUNCT,PUNCT,PUNCT,true,true,5,true,true,true,true,62,7,false,NO_DEP
32,170,39,8,33,true,ADP,DET,NOUN,ADP,PUNCT,VERB,VERB,DET,true,true,5,true,true,true,true,62,13,false,NO_DEP
56,170,39,13,28,false,ADJ,NOUN,PUNCT,CONJ,VERB,VERB,ADV,ADJ,true,true,2,true,true,true,true,62,4,false,NO_DEP
62,170,39,14,27,false,VERB,ADV,ADJ,ADP,ADP,VERB,ADP,ADJ,true,true,1,true,true,true,true,62,0,false,NO_DEP
94,170,39,22,19,false,PRON,VERB,ADV,VERB,ADV,PUNCT,PUNCT,PUNCT,true,true,0,true,true,false,false,0,17,false,NO_DEP
119,170,39,28,13,false,NOUN,NOUN,PUNCT,CONJ,VERB,VERB,PUNCT,PUNCT,false,true,0,true,true,false,false,0,15,false,NO_DEP
145,170,39,33,8,true,VERB,ADV,VERB,ADP,PUNCT,PUNCT,PUNCT,PROPN,false,true,0,true,true,false,false,0,8,false,NO_DEP
158,170,39,37,4,false,ADP,NOUN,ADV,VERB,PUNCT,PUNCT,PRON,VERB,false,true,0,true,true,false,false,0,5,false,NO_DEP
161,170,39,38,3,false,VERB,PRON,PUNCT,PUNCT,VERB,NOUN,ADP,PRON,false,true,0,true,true,false,false,0,2,false,NO_DEP
5,129,16,1,35,false,PUNCT,PRON,VERB,VERB,ADJ,ADP,VERB,DET,false,true,9,true,true,true,true,6,1,false,nsubj
34,129,16,10,26,false,ADV,PUNCT,PROPN,PROPN,VERB,VERB,ADP,DET,false,true,6,true,true,true,true,51,2,false,nsubjpass
42,129,16,13,23,false,DET,NOUN,PRON,VERB,ADV,PUNCT,PUNCT,PUNCT,false,true,6,true,true,true,true,51,9,false,dobj
50,129,16,15,21,false,PUNCT,PRON,VERB,VERB,ADJ,ADP,VERB,DET,false,true,6,true,true,true,true,51,1,false,nsubj
79,129,16,24,12,false,ADV,PUNCT,PROPN,PROPN,VERB,VERB,ADP,DET,false,true,3,true,true,true,true,0,2,false,dep
87,129,16,27,9,false,DET,NOUN,PRON,VERB,ADV,PUNCT,PUNCT,PUNCT,false,true,3,true,true,true,true,0,17,false,dobj
94,129,16,29,7,false,PUNCT,PUNCT,PRON,VERB,VERB,ADV,VERB,PRON,false,true,3,true,true,true,true,0,10,false,nsubj
110,129,16,33,3,false,DET,NOUN,PUNCT,PUNCT,VERB,ADV,ADV,ADP,false,true,3,true,true,true,true,0,3,false,nsubj
9,10,1,4,0,false,ADP,PRON,PRON,VERB,PUNCT,ABS,ABS,ABS,false,false,0,true,false,false,false,0,0,false,dobj
3,9,1,1,2,false,ABS,ABS,PRON,VERB,VERB,ADP,NOUN,DET,false,true,0,true,true,false,false,0,1,false,nsubj
2,22,5,0,4,false,ABS,ABS,ABS,PUNCT,VERB,VERB,PUNCT,CONJ,false,true,3,false,true,true,true,0,5,false,nsubjpass
20,59,13,5,11,true,VERB,PRON,NOUN,ADP,PUNCT,VERB,PRON,ADP,true,true,1,true,true,true,true,0,3,false,nsubj
23,59,13,6,10,false,ADP,PRON,PUNCT,VERB,ADP,DET,NOUN,PUNCT,true,true,1,true,true,true,true,0,0,false,dobj
45,59,13,12,4,true,VERB,PRON,NOUN,ADP,PUNCT,VERB,PRON,ADP,true,true,0,true,true,false,false,0,3,false,prep_on
48,59,13,13,3,false,ADP,PRON,PUNCT,VERB,ADP,DET,NOUN,PUNCT,false,true,0,true,true,false,false,0,0,false,dobj
54,59,13,15,1,false,DET,NOUN,PUNCT,PUNCT,VERB,ADV,ADV,NOUN,false,false,0,true,true,false,false,0,0,false,nsubj
3,9,3,0,2,false,ABS,ABS,PUNCT,CONJ,VERB,DET,NOUN,PUNCT,false,false,0,false,true,false,false,0,0,false,nsubj
4,7,2,1,0,false,PUNCT,PUNCT,PRON,VERB,VERB,ADJ,PUNCT,ABS,false,false,1,true,true,true,true,0,0,false,nsubj
2,8,1,0,1,false,ABS,ABS,ABS,CONJ,VERB,ADV,DET,ADJ,false,false,1,false,true,true,true,0,0,false,nsubj
13,19,3,4,2,false,NOUN,PUNCT,CONJ,VERB,ADP,PRON,NOUN,DET,false,true,0,true,false,false,false,0,0,false,dobj
5,19,6,1,4,false,PUNCT,PUNCT,PRON,VERB,ADP,PUNCT,INTJ,PUNCT,false,true,0,true,true,false,false,0,0,false,dobj
16,19,6,4,1,false,PRON,VERB,ADV,VERB,ADP,PRON,PUNCT,ABS,false,true,0,true,false,false,false,0,0,false,dobj
14,43,11,3,6,false,ADJ,NOUN,ADV,PUNCT,VERB,VERB,PUNCT,PUNCT,true,true,0,true,true,false,false,0,21,false,nsubjpass
20,43,11,4,5,false,VERB,PUNCT,PUNCT,CONJ,VERB,VERB,PRON,DET,true,true,0,true,true,false,false,0,15,false,nsubj
5,8,3,1,1,false,PUNCT,PRON,ADV,VERB,PUNCT,PROPN,PUNCT,ABS,false,false,0,true,false,false,false,0,0,false,dobj
5,23,7,1,4,false,PROPN,PUNCT,PUNCT,PUNCT,VERB,VERB,VERB,PUNCT,false,true,1,false,true,true,true,0,6,false,nsubjpass
22,23,7,5,0,false,PRON,VERB,ADV,VERB,PUNCT,ABS,ABS,ABS,false,false,0,true,false,false,false,0,0,false,dobj
1,10,4,0,0,false,ABS,ABS,ABS,ABS,VERB,ADP,VERB,VERB,false,true,0,false,true,false,false,2,1,false,nsubj
20,56,14,2,6,false,PUNCT,ADV,ADV,ADP,VERB,VERB,PRON,ADJ,false,true,4,true,true,true,true,46,12,false,nsubj
43,56,14,6,2,false,ADJ,CONJ,ADJ,PUNCT,VERB,ADV,ADJ,ADP,false,true,1,true,true,true,true,46,3,false,nsubj
55,56,14,8,0,false,PRON,VERB,ADV,VERB,PUNCT,ABS,ABS,ABS,false,false,0,true,false,false,false,0,0,false,dobj
2,5,1,0,0,false,ABS,ABS,ABS,VERB,VERB,ADJ,PUNCT,ABS,false,false,1,true,true,true,true,0,0,false,nsubj
4,8,1,0,0,false,PUNCT,CONJ,ADV,VERB,ADV,VERB,ADJ,PUNCT,false,false,1,true,true,true,true,0,0,false,advmod
2,50,9,0,12,false,ABS,ABS,ABS,PUNCT,VERB,DET,ADJ,NOUN,false,true,6,false,true,true,true,14,4,false,nsubj
17,50,9,3,9,false,CONJ,PUNCT,ADP,VERB,DET,ADJ,NOUN,DET,false,true,5,true,true,true,true,0,12,false,nsubj
24,41,12,4,3,false,PUNCT,PUNCT,PUNCT,CONJ,VERB,VERB,ADP,ADP,false,true,2,true,true,true,true,27,2,false,nsubj
40,41,12,7,0,true,PRON,ADP,ADJ,ADP,PUNCT,ABS,ABS,ABS,false,false,0,true,false,false,false,0,0,false,prep_about
7,17,5,1,3,false,PUNCT,PRON,VERB,VERB,VERB,PUNCT,PUNCT,DET,false,true,0,true,true,false,false,0,7,false,nsubj
14,17,5,3,1,false,PUNCT,DET,NOUN,VERB,ADP,NOUN,PUNCT,ABS,false,true,0,true,false,false,false,0,0,false,dobj
2,13,1,0,2,false,ABS,ABS,ABS,CONJ,VERB,ADV,DET,ADJ,false,true,1,false,true,true,true,10,5,false,nsubj
5,8,3,1,1,false,PUNCT,DET,NOUN,PUNCT,VERB,PROPN,PUNCT,ABS,false,false,0,false,true,false,false,0,0,false,nsubj
9,12,3,2,0,false,CONJ,PRON,VERB,VERB,ADV,ADV,PUNCT,ABS,false,false,0,true,false,false,false,0,0,false,dobj
12,26,6,3,4,false,PUNCT,PRON,ADV,VERB,VERB,VERB,PRON,PUNCT,false,true,0,true,true,false,false,0,10,false,nsubj
21,26,6,6,1,false,PUNCT,PRON,VERB,VERB,VERB,ADP,DET,NOUN,false,true,0,true,true,false,false,0,1,false,nsubj
1,7,1,0,1,false,ABS,ABS,ABS,ABS,VERB,ADP,DET,ADJ,false,true,1,false,true,true,true,0,1,false,nsubj
16,22,4,4,1,false,PUNCT,PUNCT,CONJ,ADV,VERB,DET,ADV,ADJ,false,false,1,true,true,true,true,0,0,false,nsubj
11,59,16,3,13,false,ADP,DET,NOUN,ADP,VERB,VERB,ADV,PUNCT,true,true,3,true,true,true,true,0,10,false,nsubj
21,59,16,5,11,false,PUNCT,PRON,VERB,VERB,ADP,ADJ,PUNCT,ADV,false,true,3,true,true,true,true,0,0,false,dobj
26,59,16,7,9,false,ADP,ADJ,PUNCT,ADV,VERB,PUNCT,PUNCT,PUNCT,false,true,2,true,true,true,true,0,8,false,nsubj
34,59,16,9,7,false,PUNCT,PRON,VERB,VERB,ADP,ADJ,PUNCT,ADV,false,true,2,true,true,true,true,0,0,false,dep
39,59,16,11,5,false,ADP,ADJ,PUNCT,ADV,VERB,PUNCT,PUNCT,PUNCT,false,false,1,true,true,true,true,0,0,false,nsubj
47,59,16,13,3,false,PUNCT,PRON,VERB,VERB,DET,NOUN,PUNCT,PRON,false,false,1,true,true,true,true,0,0,false,nsubj
11,56,18,2,9,false,ADJ,NUM,PUNCT,VERB,ADP,DET,ADJ,NUM,false,true,3,true,true,true,true,0,0,false,dobj
5,22,3,2,4,true,PROPN,VERB,NOUN,ADP,ADP,NOUN,PUNCT,PUNCT,false,true,0,true,true,false,false,0,0,false,prep_of
17,22,3,6,0,false,ADP,DET,VERB,ADV,VERB,VERB,VERB,VERB,false,false,0,true,true,false,false,0,0,false,nsubjpass
4,6,1,0,0,false,PUNCT,CONJ,PRON,VERB,VERB,PUNCT,ABS,ABS,false,false,0,true,true,false,false,0,0,false,nsubj
5,123,24,1,32,false,PUNCT,PROPN,PROPN,VERB,VERB,PUNCT,CONJ,PRON,true,true,3,true,true,true,true,0,6,false,nsubj
20,123,24,6,27,true,DET,VERB,VERB,ADP,PUNCT,PUNCT,PUNCT,PROPN,true,true,3,true,true,true,true,0,13,false,prep_in
27,123,24,8,25,false,PUNCT,PROPN,PROPN,VERB,VERB,PUNCT,CONJ,PRON,true,true,3,true,true,true,true,0,6,false,nsubj
42,123,24,13,20,true,DET,VERB,VERB,ADP,PUNCT,PUNCT,PUNCT,PRON,true,true,3,true,true,true,true,0,23,false,prep_in
51,123,24,16,17,false,VERB,PROPN,PROPN,VERB,VERB,PUNCT,VERB,PROPN,true,true,3,true,true,true,true,0,14,false,nsubj
68,123,24,20,13,false,DET,NOUN,ADP,VERB,VERB,ADV,PUNCT,DET,true,true,3,true,true,true,true,0,13,false,nsubj
78,123,24,23,10,false,DET,PUNCT,PUNCT,PUNCT,VERB,ADJ,ADV,ADP,true,true,3,true,true,true,true,0,3,false,nsubj
89,123,24,26,7,false,PRON,VERB,PRON,VERB,PUNCT,CONJ,PROPN,VERB,true,true,2,true,true,true,true,0,4,false,dobj
95,123,24,28,5,false,CONJ,PROPN,VERB,ADP,ADV,ADV,ADV,PUNCT,true,true,2,true,true,true,true,0,9,false,advcl
116,123,24,32,1,false,NOUN,PUNCT,PUNCT,ADV,VERB,ADV,ADJ,ADP,false,true,1,true,true,true,true,0,3,false,nsubj
33,162,39,8,35,false,PUNCT,PRON,VERB,VERB,DET,DET,ADJ,PUNCT,true,true,5,true,true,true,true,0,10,false,NO_DEP
56,162,39,14,29,true,DET,ADJ,NOUN,ADP,PUNCT,PUNCT,PUNCT,PRON,true,true,2,true,true,true,true,0,6,false,NO_DEP
62,162,39,16,27,false,PUNCT,PUNCT,PRON,VERB,ADP,ADP,PRON,NOUN,true,true,2,true,true,true,true,0,0,false,NO_DEP
69,162,39,18,25,false,PRON,NOUN,PUNCT,VERB,ADV,PUNCT,PUNCT,PUNCT,true,true,2,true,true,true,true,0,7,false,NO_DEP
76,162,39,20,23,false,PUNCT,PUNCT,PRON,VERB,ADP,ADP,PRON,NOUN,true,true,2,true,true,true,true,0,0,false,NO_DEP
83,162,39,22,21,false,PRON,NOUN,PUNCT,VERB,ADV,PUNCT,PUNCT,PUNCT,true,true,2,true,true,true,true,0,4,false,NO_DEP
95,162,39,25,18,false,NOUN,PUNCT,PRON,VERB,ADP,DET,NOUN,PUNCT,true,true,2,true,true,true,true,0,0,false,NO_DEP
108,162,39,29,14,true,NOUN,ADP,NOUN,ADP,ADP,ADV,PUNCT,CONJ,true,true,1,true,true,true,true,0,0,false,NO_DEP
128,162,39,34,9,false,NOUN,PUNCT,PRON,VERB,ADP,DET,NOUN,PUNCT,true,true,1,true,true,true,true,0,0,false,NO_DEP
141,162,39,38,5,true,NOUN,ADP,NOUN,ADP,ADP,ADV,PUNCT,CONJ,true,true,0,true,true,false,false,0,0,false,NO_DEP
161,162,39,43,0,false,ADP,PRON,ADP,VERB,PUNCT,ABS,ABS,ABS,false,false,0,true,false,false,false,0,0,false,NO_DEP
5,65,14,1,18,false,PUNCT,CONJ,ADV,ADJ,VERB,ADV,PUNCT,NOUN,false,true,1,false,true,true,true,60,16,false,nsubj
32,65,14,10,9,false,PRON,VERB,PRON,VERB,PUNCT,PUNCT,PUNCT,DET,false,true,1,true,true,true,true,60,5,false,dobj
41,65,14,13,6,false,NOUN,ADP,PROPN,PROPN,VERB,PUNCT,PUNCT,PUNCT,false,true,1,true,true,true,true,60,10,false,nsubj
50,65,14,15,4,false,CONJ,ADV,PRON,VERB,PUNCT,ADP,PRON,VERB,false,true,1,true,true,true,true,60,1,false,dobj
63,65,14,19,0,false,ADJ,NOUN,ADP,VERB,ADP,PUNCT,ABS,ABS,false,true,0,true,false,false,false,0,0,false,dobj
5,12,2,1,1,false,PUNCT,CONJ,PRON,ADV,VERB,ADV,ADJ,ADP,false,true,1,false,true,true,true,0,3,false,dep
14,17,5,4,0,false,PUNCT,NOUN,NOUN,VERB,ADP,ADV,PUNCT,ABS,false,true,0,true,false,false,false,0,0,false,dobj
4,8,1,1,1,false,PUNCT,VERB,PRON,VERB,VERB,DET,NOUN,PUNCT,false,false,0,true,true,false,false,0,0,false,nsubj
3,7,1,1,0,false,ABS,ABS,PRON,VERB,VERB,VERB,VERB,PUNCT,false,false,0,true,true,false,false,0,0,false,nsubjpass
2,10,2,0,2,false,ABS,ABS,ABS,PUNCT,VERB,VERB,ADV,DET,false,true,0,false,true,false,false,0,5,false,nsubjpass
16,23,6,4,2,false,PUNCT,PUNCT,PRON,VERB,ADP,DET,NOUN,PUNCT,false,true,0,true,true,false,false,0,0,false,dobj
15,23,2,4,1,false,DET,NOUN,ADP,VERB,ADV,PRON,NOUN,VERB,false,false,0,true,true,false,false,0,0,false,dobj
8,20,5,1,3,false,VERB,PUNCT,CONJ,VERB,PUNCT,PUNCT,PRON,VERB,false,true,0,true,true,false,false,14,4,false,dobj
18,20,5,4,0,true,PRON,ADP,VERB,ADP,ADV,PUNCT,ABS,ABS,false,false,0,true,false,false,false,0,0,false,prep_to
1,4,1,0,1,false,ABS,ABS,ABS,ABS,VERB,DET,PUNCT,ABS,false,false,0,false,true,false,false,0,0,false,nsubj
7,83,17,2,27,false,PROPN,VERB,PRON,VERB,PUNCT,PRON,VERB,NOUN,false,true,0,true,true,false,false,0,6,false,dobj
9,83,17,3,26,false,PRON,VERB,PRON,PUNCT,VERB,NOUN,DET,NOUN,false,true,0,true,true,false,false,0,4,false,nsubj
19,83,17,7,22,false,PRON,ADV,PRON,VERB,PUNCT,PUNCT,PUNCT,ADP,false,true,0,true,true,false,false,0,3,false,dobj
28,83,17,10,19,false,PROPN,VERB,PRON,VERB,PUNCT,PRON,VERB,NOUN,false,true,0,true,true,false,false,0,6,false,dobj
30,83,17,11,18,false,PRON,VERB,PRON,PUNCT,VERB,NOUN,DET,NOUN,false,true,0,true,true,false,false,0,4,false,nsubj
40,83,17,15,14,false,PRON,ADV,PRON,VERB,PUNCT,PUNCT,PUNCT,ADP,false,true,0,true,true,false,false,0,3,false,dobj
50,83,17,18,11,false,VERB,VERB,PRON,VERB,PUNCT,VERB,PROPN,ADV,false,true,0,true,true,false,false,0,10,false,dobj
60,83,17,21,8,false,PUNCT,PUNCT,PRON,VERB,ADP,PRON,PUNCT,CONJ,false,true,0,true,true,false,false,0,0,false,dobj
81,83,17,29,0,false,PUNCT,PUNCT,PRON,VERB,ADV,PUNCT,ABS,ABS,false,false,0,true,false,false,false,0,0,false,dobj
5,7,1,2,1,false,PRON,VERB,PRON,VERB,NOUN,PUNCT,ABS,ABS,false,false,0,true,false,false,false,0,0,false,nsubj
7,8,1,2,0,false,PRON,ADJ,ADP,VERB,PUNCT,ABS,ABS,ABS,false,false,0,true,false,false,false,0,0,false,dobj
10,11,1,3,0,false,PRON,VERB,ADV,VERB,PUNCT,ABS,ABS,ABS,false,false,0,true,false,false,false,0,0,false,dobj
1,12,4,0,3,false,ABS,ABS,ABS,ABS,VERB,PRON,ADJ,PUNCT,false,true,1,false,true,true,true,0,9,false,nsubj
6,7,3,1,0,false,INTJ,PUNCT,ADV,VERB,PUNCT,ABS,ABS,ABS,false,false,0,true,false,false,false,0,0,false,dep
2,5,2,0,0,false,ABS,ABS,ABS,PUNCT,ADV,ADJ,PUNCT,ABS,false,false,1,false,false,true,true,0,0,false,dep
1,5,1,0,0,false,ABS,ABS,ABS,ABS,VERB,VERB,ADJ,PUNCT,false,false,1,false,true,true,true,0,0,false,nsubj
5,19,5,1,4,false,PUNCT,PRON,VERB,VERB,PUNCT,ADV,ADP,PRON,false,true,0,true,true,false,false,0,2,false,dobj
17,19,5,5,0,false,DET,NOUN,VERB,PRON,VERB,PUNCT,ABS,ABS,false,false,0,true,true,false,false,0,0,false,nsubj
1,8,1,0,0,false,ABS,ABS,ABS,ABS,VERB,ADV,VERB,VERB,false,false,0,false,true,false,false,0,0,false,nsubjpass
17,18,1,3,0,false,DET,NOUN,ADP,VERB,PUNCT,ABS,ABS,ABS,false,false,0,true,false,false,false,0,0,false,dobj
10,73,21,3,12,true,VERB,VERB,PRON,ADP,PUNCT,PUNCT,PUNCT,DET,false,true,6,true,true,true,true,26,7,false,dep
29,73,21,7,8,false,ADJ,NOUN,ADP,VERB,PUNCT,CONJ,ADV,ADP,false,true,3,true,true,true,true,32,3,false,dobj
36,73,21,8,7,true,ADV,ADP,VERB,ADP,PUNCT,PUNCT,PUNCT,DET,false,true,3,true,true,true,true,52,7,false,prep_at
55,73,21,12,3,false,ADJ,NOUN,ADP,VERB,PUNCT,CONJ,ADV,ADP,false,true,0,true,true,false,false,58,3,false,dobj
62,73,21,13,2,true,ADV,ADP,VERB,ADP,PUNCT,PUNCT,PUNCT,VERB,false,false,0,true,true,false,false,0,0,false,prep_at
67,73,21,14,1,false,PUNCT,PUNCT,PUNCT,VERB,ADV,ADV,PUNCT,VERB,false,false,0,true,true,false,false,0,0,false,nsubj
9,15,3,3,1,false,ADP,PROPN,PROPN,PUNCT,VERB,VERB,PUNCT,PRON,false,false,0,false,true,false,false,0,0,false,nsubjpass
4,14,5,0,1,false,PUNCT,PUNCT,PUNCT,ADV,VERB,VERB,PUNCT,VERB,false,false,1,false,true,true,true,0,0,false,nsubjpass
13,21,6,4,0,false,PUNCT,PRON,VERB,ADJ,VERB,VERB,PUNCT,CONJ,false,false,0,true,true,false,false,0,0,false,nsubjpass
9,74,17,1,15,false,VERB,PUNCT,VERB,ADP,VERB,VERB,PUNCT,CONJ,true,true,0,true,true,false,false,0,19,false,nsubjpass
18,74,17,3,13,false,PRON,VERB,ADV,VERB,PUNCT,CONJ,PRON,VERB,true,true,0,true,true,false,false,0,10,false,dobj
41,74,17,8,8,false,VERB,PUNCT,VERB,ADP,VERB,VERB,PUNCT,CONJ,false,true,0,true,true,false,false,0,19,false,nsubjpass
50,74,17,10,6,false,PRON,VERB,ADV,VERB,PUNCT,CONJ,PRON,VERB,false,true,0,true,true,false,false,0,10,false,dobj
72,74,17,16,0,false,PUNCT,PUNCT,PRON,VERB,VERB,PUNCT,ABS,ABS,false,false,0,true,true,false,false,0,0,false,nsubj
6,7,1,1,0,false,PRON,VERB,ADV,VERB,PUNCT,ABS,ABS,ABS,false,false,0,true,false,false,false,0,0,false,dobj
6,9,1,1,0,false,VERB,ADP,VERB,ADP,VERB,VERB,PUNCT,ABS,false,false,0,true,true,false,false,0,0,false,nsubjpass
7,10,1,2,1,false,VERB,PRON,VERB,VERB,ADP,PRON,PUNCT,ABS,false,true,0,true,false,false,false,0,0,false,dobj
5,21,7,1,4,false,PUNCT,ADP,DET,PUNCT,VERB,ADV,ADJ,NOUN,false,true,1,false,true,true,true,0,9,false,nsubj
13,21,7,3,2,false,NOUN,PUNCT,PUNCT,PUNCT,VERB,ADP,DET,NOUN,false,true,0,true,true,false,false,0,1,false,nsubj
10,65,21,2,12,false,DET,NOUN,PUNCT,CONJ,VERB,PRON,ADP,VERB,true,true,3,true,true,true,true,0,2,false,nsubj
28,65,21,5,9,false,PUNCT,PRON,VERB,PUNCT,ADV,ADV,VERB,PUNCT,false,true,2,true,true,true,true,0,6,false,appos
38,65,21,7,7,false,PUNCT,ADP,NOUN,PUNCT,VERB,DET,DET,ADJ,false,true,2,true,true,true,true,0,15,false,nsubj
46,65,21,9,5,false,ADJ,NOUN,PUNCT,PUNCT,VERB,DET,PUNCT,PUNCT,false,true,1,true,true,true,true,0,7,false,nsubj
27,36,9,6,1,true,NOUN,ADV,ADJ,ADP,PUNCT,PUNCT,PUNCT,ADJ,false,true,2,true,false,true,true,0,6,false,prep_about
35,36,9,7,0,false,ADJ,ADJ,PUNCT,ADP,PUNCT,ABS,ABS,ABS,false,false,0,true,false,false,false,0,0,false,prep_isn't
2,7,2,0,1,false,ABS,ABS,ABS,PUNCT,VERB,VERB,ADP,ADV,false,true,0,false,true,false,false,0,2,false,nsubj
3,6,3,0,0,false,ABS,ABS,PUNCT,VERB,PUNCT,ADV,PUNCT,ABS,false,false,0,true,false,false,false,0,0,false,dobj
2,19,2,0,2,false,ABS,ABS,ABS,PUNCT,VERB,VERB,ADJ,ADV,false,true,2,false,true,true,true,9,4,false,nsubj
26,27,10,7,0,false,PUNCT,PUNCT,PRON,VERB,PUNCT,ABS,ABS,ABS,false,false,0,true,false,false,false,0,0,false,dobj
14,15,8,2,0,false,PRON,VERB,VERB,VERB,PUNCT,ABS,ABS,ABS,false,false,0,true,false,false,false,0,0,false,dobj
6,15,5,1,1,false,ADV,PUNCT,PRON,VERB,PUNCT,PUNCT,PRON,VERB,false,false,1,true,true,true,true,0,0,false,dep
9,15,5,2,0,false,VERB,PRON,PUNCT,PUNCT,VERB,VERB,VERB,ADV,false,false,1,true,true,true,true,0,0,false,nsubj
5,22,8,1,3,false,PUNCT,INTJ,PUNCT,CONJ,VERB,ADJ,PUNCT,PUNCT,false,false,1,false,true,true,true,0,0,false,nsubj
19,22,8,3,1,false,PUNCT,PROPN,VERB,VERB,DET,ADV,PUNCT,ABS,false,false,0,true,false,false,false,0,0,false,dobj
4,12,5,1,1,false,PUNCT,PUNCT,PROPN,VERB,ADJ,PUNCT,PUNCT,PUNCT,false,false,1,true,false,true,true,0,0,false,dep
11,12,5,2,0,false,PUNCT,PUNCT,DET,ADV,PUNCT,ABS,ABS,ABS,false,false,0,true,false,false,false,0,0,false,dep
4,23,6,0,4,false,PUNCT,PUNCT,INTJ,PUNCT,VERB,PUNCT,PRON,VERB,false,true,0,false,true,false,false,0,15,false,nsubj
16,23,6,3,1,false,PRON,VERB,CONJ,VERB,VERB,ADV,VERB,ADP,false,true,0,true,true,false,false,0,3,false,nsubj
40,79,12,6,11,false,VERB,VERB,ADP,VERB,NOUN,NOUN,PUNCT,PUNCT,false,true,0,true,true,false,false,75,7,false,iobj
62,79,12,12,5,false,DET,NOUN,PUNCT,ADP,VERB,VERB,ADP,DET,false,true,0,true,true,false,false,75,2,false,nsubj
78,79,12,17,0,false,VERB,PRON,ADP,VERB,PUNCT,ABS,ABS,ABS,false,false,0,true,false,false,false,0,0,false,dobj
18,66,11,5,14,false,NOUN,PUNCT,CONJ,VERB,ADP,ADV,PUNCT,ADP,false,true,2,true,true,true,true,0,0,false,dobj
25,66,11,8,11,false,PUNCT,ADP,PRON,VERB,VERB,ADV,PUNCT,PUNCT,false,true,2,true,true,true,true,0,11,false,nsubj
47,66,11,14,5,false,NOUN,PUNCT,CONJ,VERB,ADP,ADV,PUNCT,ADP,false,true,1,true,true,true,true,0,0,false,dobj
54,66,11,17,2,false,PUNCT,ADP,PRON,VERB,VERB,ADV,PUNCT,PUNCT,false,false,1,true,true,true,true,0,0,false,nsubj
65,66,11,19,0,false,NOUN,VERB,CONJ,VERB,PUNCT,ABS,ABS,ABS,false,false,0,true,false,false,false,0,0,false,dobj
14,15,4,3,0,true,VERB,DET,NOUN,ADP,PUNCT,ABS,ABS,ABS,false,false,0,true,false,false,false,0,0,false,prep_of
18,19,5,3,0,true,VERB,DET,NOUN,ADP,PUNCT,ABS,ABS,ABS,false,false,0,true,false,false,false,0,0,false,prep_of
9,63,13,1,15,true,VERB,ADP,VERB,VERB,ADP,PUNCT,PUNCT,PUNCT,true,true,2,true,true,true,true,53,0,false,dobj
29,63,13,6,10,false,VERB,ADV,PROPN,VERB,ADP,PRON,NOUN,PUNCT,false,true,2,true,true,true,true,53,0,false,dobj
36,63,13,8,8,false,NOUN,PUNCT,PUNCT,PUNCT,VERB,PRON,ADV,DET,false,true,2,true,true,true,true,53,6,false,nsubj
44,63,13,11,5,false,DET,ADJ,PUNCT,ADP,VERB,DET,NOUN,ADP,false,true,1,true,true,true,true,53,3,false,nsubj
62,63,13,16,0,false,VERB,PRON,ADV,VERB,PUNCT,ABS,ABS,ABS,false,false,0,true,false,false,false,0,0,false,nsubj
13,28,8,2,4,false,VERB,PUNCT,ADV,PUNCT,VERB,ADV,VERB,PRON,false,true,0,true,true,false,false,23,10,false,nsubj
27,28,8,6,0,true,VERB,ADP,VERB,ADP,PUNCT,ABS,ABS,ABS,false,false,0,true,false,false,false,0,0,false,prep_with
5,6,1,1,0,false,VERB,PRON,ADV,VERB,PUNCT,ABS,ABS,ABS,false,false,0,true,false,false,false,0,0,false,dobj
4,10,4,0,2,false,PUNCT,PUNCT,INTJ,PUNCT,VERB,DET,PUNCT,ADP,false,true,0,false,true,false,false,0,3,false,nsubj
7,8,2,1,0,true,VERB,ADV,ADJ,ADP,PUNCT,ABS,ABS,ABS,false,false,0,true,false,false,false,0,0,false,dep
3,8,1,1,1,false,ABS,ABS,PRON,VERB,ADP,ADP,DET,NOUN,false,true,0,true,false,false,false,0,0,false,dobj
2,54,15,0,12,false,ABS,ABS,ABS,PUNCT,VERB,DET,ADJ,ADJ,false,true,6,false,true,true,true,0,5,false,nsubj
16,54,15,3,9,false,ADJ,PUNCT,ADP,ADP,VERB,VERB,ADP,ADP,false,true,3,true,true,true,true,0,2,false,nsubj
30,54,15,6,6,false,ADP,DET,NOUN,PUNCT,VERB,DET,ADJ,NOUN,false,true,3,true,true,true,true,0,4,false,nsubj
48,54,15,11,1,false,ADJ,NOUN,PUNCT,CONJ,VERB,VERB,ADP,PUNCT,false,true,0,true,true,false,false,0,2,false,nsubjpass
13,34,15,2,5,false,PUNCT,PUNCT,PUNCT,PUNCT,VERB,VERB,PROPN,PUNCT,false,false,0,false,true,false,false,0,0,false,nsubj
22,34,15,4,3,false,PUNCT,PUNCT,PUNCT,CONJ,VERB,VERB,PROPN,PUNCT,false,false,0,true,true,false,false,0,0,false,nsubj
29,34,15,6,1,false,PROPN,PUNCT,PUNCT,PUNCT,ADV,ADV,DET,PROPN,false,false,0,true,false,false,false,0,0,false,dep
2,14,5,0,2,false,ABS,ABS,ABS,PUNCT,VERB,DET,PROPN,PUNCT,false,true,0,false,true,false,false,0,10,false,nsubj
11,14,5,2,0,false,PUNCT,PUNCT,ADV,VERB,VERB,ADP,PUNCT,ABS,false,true,0,true,true,false,false,0,1,false,nsubj
1,7,1,0,2,false,ABS,ABS,ABS,ABS,VERB,DET,NOUN,ADP,false,true,0,false,true,false,false,0,3,false,nsubj
14,94,29,3,19,true,PROPN,ADP,VERB,ADP,PUNCT,CONJ,PUNCT,ADP,false,true,5,true,true,true,true,53,3,false,prep_for
39,94,29,9,13,false,PUNCT,ADP,PRON,VERB,ADP,NOUN,ADP,DET,false,true,4,true,true,true,true,53,0,false,dobj
62,94,29,16,6,false,VERB,PRON,VERB,ADV,VERB,VERB,PUNCT,PUNCT,false,true,4,true,true,true,true,0,22,false,nsubjpass
86,94,29,21,1,false,PUNCT,PUNCT,PUNCT,ADP,VERB,VERB,ADJ,PUNCT,false,false,2,true,true,true,true,0,0,false,nsubj
10,38,9,1,7,false,PUNCT,ADV,PRON,VERB,PUNCT,PRON,VERB,PUNCT,false,true,0,true,true,false,false,21,4,false,dobj
12,38,9,2,6,false,PRON,VERB,PRON,PUNCT,VERB,PUNCT,ADP,PRON,false,true,0,true,true,false,false,21,2,false,nsubj
25,38,9,5,3,true,VERB,ADP,VERB,ADP,PUNCT,PUNCT,DET,NOUN,false,true,0,true,true,false,false,0,9,false,prep_of
33,38,9,7,1,false,NOUN,VERB,CONJ,VERB,ADV,ADP,PROPN,NOUN,false,true,0,true,false,false,false,0,1,false,dobj
11,35,9,1,6,false,VERB,VERB,ADJ,PUNCT,VERB,ADV,ADP,DET,false,true,2,true,true,true,true,0,2,false,nsubj
24,35,9,4,3,false,ADJ,NOUN,PUNCT,PUNCT,VERB,DET,ADJ,NOUN,false,false,1,true,true,true,true,0,0,false,nsubj
34,35,9,7,0,false,PUNCT,PUNCT,PRON,VERB,PUNCT,ABS,ABS,ABS,false,false,0,true,false,false,false,0,0,false,dobj
9,23,1,3,3,false,ADV,PRON,VERB,ADP,VERB,DET,ADJ,NOUN,false,true,1,true,true,true,true,0,4,false,nsubj
17,48,11,4,8,false,NOUN,PUNCT,VERB,ADP,VERB,VERB,ADP,ADP,true,true,0,true,true,false,false,0,2,false,nsubj
28,48,11,8,4,false,NOUN,PUNCT,PUNCT,PUNCT,VERB,PUNCT,ADP,PRON,true,true,0,true,true,false,false,0,2,false,nsubj
47,48,11,12,0,true,PROPN,NOUN,VERB,ADP,PUNCT,ABS,ABS,ABS,false,false,0,true,false,false,false,0,0,false,prep_on
29,41,7,5,4,false,VERB,ADV,CONJ,VERB,ADP,PRON,PUNCT,PUNCT,false,true,0,true,true,false,false,0,0,false,dobj
36,41,7,8,1,false,PUNCT,PUNCT,DET,NOUN,VERB,VERB,PRON,ADV,false,false,0,true,true,false,false,0,0,false,nsubj
10,11,1,3,0,true,PRON,VERB,ADP,ADP,PUNCT,ABS,ABS,ABS,false,false,0,true,false,false,false,0,0,false,prep_against
10,167,33,2,40,true,NOUN,ADP,VERB,ADP,PUNCT,PUNCT,PUNCT,PRON,true,true,5,true,true,true,true,0,7,false,NO_DEP
28,167,33,6,36,false,NOUN,NOUN,PUNCT,ADP,VERB,ADJ,ADJ,NOUN,true,true,5,true,true,true,true,0,10,false,NO_DEP
48,167,33,12,30,true,PRON,VERB,PRON,ADP,ADP,DET,NOUN,ADP,true,true,3,true,true,true,true,0,0,false,NO_DEP
93,167,33,25,17,false,NOUN,DET,VERB,ADP,VERB,VERB,VERB,ADP,false,true,3,true,true,true,true,0,3,false,NO_DEP
141,167,33,36,6,false,VERB,DET,NOUN,ADP,VERB,VERB,ADP,PRON,false,true,0,true,true,false,false,0,2,false,NO_DEP
160,167,33,41,1,false,NOUN,PUNCT,PUNCT,PUNCT,VERB,VERB,VERB,PUNCT,false,false,0,true,true,false,false,0,0,false,NO_DEP
31,32,5,8,0,true,VERB,VERB,VERB,ADP,PUNCT,ABS,ABS,ABS,false,false,0,true,false,false,false,0,0,false,prep_with
2,15,2,0,2,false,ABS,ABS,ABS,PUNCT,VERB,ADV,VERB,VERB,false,true,0,false,true,false,false,0,4,false,nsubjpass
9,27,7,1,4,false,PUNCT,PRON,VERB,VERB,ADP,DET,NOUN,NOUN,false,true,0,true,true,false,false,0,0,false,dobj
22,27,7,4,1,false,VERB,ADV,VERB,ADP,VERB,VERB,ADP,PROPN,false,true,0,true,true,false,false,0,2,false,nsubjpass
8,14,2,2,1,false,PROPN,PUNCT,CONJ,ADP,VERB,VERB,ADP,PRON,false,true,0,false,true,false,false,0,2,false,nsubjpass
8,13,3,1,1,false,VERB,ADV,VERB,ADP,VERB,VERB,ADP,PROPN,false,true,0,true,true,false,false,0,2,false,nsubjpass
8,14,2,2,1,false,PROPN,PUNCT,CONJ,ADP,VERB,VERB,ADP,PRON,false,true,0,false,true,false,false,0,2,false,nsubjpass
4,9,2,0,1,false,PUNCT,PUNCT,VERB,VERB,VERB,VERB,ADP,PRON,false,true,0,true,true,false,false,0,2,false,nsubjpass
4,8,1,0,1,false,PUNCT,VERB,VERB,VERB,ADP,PRON,VERB,PUNCT,false,true,0,true,true,false,false,0,0,false,dobj
6,8,1,1,0,false,VERB,VERB,PRON,ADP,VERB,PUNCT,ABS,ABS,false,false,0,true,true,false,false,0,0,false,nsubj
4,8,1,0,1,false,PUNCT,VERB,VERB,VERB,ADP,PRON,VERB,PUNCT,false,true,0,true,true,false,false,0,0,false,dobj
6,8,1,1,0,false,VERB,VERB,PRON,ADP,VERB,PUNCT,ABS,ABS,false,false,0,true,true,false,false,0,0,false,nsubj
6,14,3,1,2,false,PROPN,PUNCT,CONJ,ADV,VERB,PUNCT,VERB,PRON,false,false,0,false,true,false,false,0,0,false,conj_and
11,12,2,3,0,true,VERB,VERB,NOUN,ADP,PUNCT,ABS,ABS,ABS,false,false,0,true,false,false,false,0,0,false,prep_of
8,9,1,1,0,true,VERB,ADP,VERB,ADP,PUNCT,ABS,ABS,ABS,false,false,0,true,false,false,false,0,0,false,prep_for
15,16,1,4,0,true,PRON,ADP,VERB,ADP,PUNCT,ABS,ABS,ABS,false,false,0,true,false,false,false,0,0,false,prep_for
6,7,1,1,0,false,VERB,PRON,ADV,VERB,PUNCT,ABS,ABS,ABS,false,false,0,true,false,false,false,0,0,false,dobj
5,7,1,1,1,false,VERB,PRON,ADV,VERB,PRON,PUNCT,ABS,ABS,false,false,0,true,false,false,false,0,0,false,iobj
8,9,1,2,0,false,VERB,ADV,PRON,VERB,PUNCT,ABS,ABS,ABS,false,false,0,true,false,false,false,0,0,false,dobj
4,38,9,1,7,false,PUNCT,PUNCT,INTJ,PUNCT,VERB,ADP,DET,ADJ,false,true,2,false,true,true,true,0,1,false,nsubj
13,38,9,3,5,false,NOUN,PUNCT,PUNCT,PUNCT,VERB,VERB,ADP,NOUN,false,true,1,true,true,true,true,0,2,false,nsubjpass
34,38,9,7,1,false,VERB,ADV,ADV,ADP,VERB,ADP,PROPN,PUNCT,false,true,0,true,true,false,false,0,1,false,nsubj
2,12,4,0,2,false,ABS,ABS,ABS,PUNCT,VERB,PUNCT,ADP,NOUN,false,true,0,false,true,false,false,0,2,false,nsubj
32,38,6,8,2,false,PUNCT,ADV,ADP,VERB,ADP,DET,NOUN,ADP,false,true,0,true,false,false,false,0,0,false,dobj
37,47,8,10,2,false,ADP,DET,NOUN,VERB,PUNCT,PUNCT,PUNCT,PRON,false,true,0,true,true,false,false,0,7,false,dobj
41,47,8,11,1,false,PRON,PUNCT,PUNCT,PUNCT,VERB,VERB,VERB,ADP,false,true,0,true,true,false,false,0,3,false,dep
21,49,6,3,9,false,PUNCT,PUNCT,PUNCT,VERB,ADV,VERB,PRON,ADP,false,true,2,true,true,true,true,46,3,false,nsubj
40,49,6,10,2,true,VERB,DET,NOUN,ADP,ADP,DET,ADJ,NOUN,false,true,1,true,true,true,true,46,0,false,prep_of
6,20,7,1,4,false,ADP,ADJ,NOUN,PUNCT,VERB,NOUN,NOUN,PUNCT,false,false,0,false,true,false,false,0,0,false,nsubj
16,20,7,4,1,false,PUNCT,PRON,VERB,VERB,PUNCT,VERB,PRON,PUNCT,false,false,0,true,true,false,false,0,0,false,dobj
20,21,2,5,0,true,ADP,PRON,NOUN,ADP,PUNCT,ABS,ABS,ABS,false,false,0,true,false,false,false,0,0,false,prep_on
6,8,1,0,0,false,ADV,VERB,PRON,VERB,ADP,PUNCT,ABS,ABS,false,true,0,true,false,false,false,0,0,false,dobj
7,159,25,2,33,false,DET,VERB,ADV,ADP,VERB,ADV,ADV,PRON,true,true,11,true,true,true,true,0,9,false,NO_DEP
16,159,25,4,31,false,NOUN,PUNCT,CONJ,VERB,ADP,PRON,NOUN,ADP,true,true,11,true,true,true,true,0,0,false,NO_DEP
21,159,25,6,29,false,ADP,PRON,NOUN,ADP,VERB,VERB,ADP,ADP,true,true,11,true,true,true,true,0,2,false,NO_DEP
37,159,25,10,25,false,DET,VERB,ADV,ADP,VERB,ADV,ADV,PRON,true,true,11,true,true,true,true,0,9,false,NO_DEP
46,159,25,12,23,false,NOUN,PUNCT,CONJ,VERB,ADP,PRON,NOUN,ADP,true,true,11,true,true,true,true,0,0,false,NO_DEP
51,159,25,14,21,false,ADP,PRON,NOUN,ADP,VERB,VERB,ADP,ADP,true,true,11,true,true,true,true,0,2,false,NO_DEP
67,159,25,17,18,false,PUNCT,PRON,VERB,ADP,VERB,VERB,DET,ADJ,true,true,10,true,true,true,true,0,14,false,NO_DEP
96,159,25,23,12,false,ADJ,NUM,PUNCT,CONJ,VERB,VERB,ADP,DET,false,true,8,true,true,true,true,0,2,false,NO_DEP
113,159,25,26,9,false,PUNCT,ADV,ADV,VERB,ADV,ADJ,PUNCT,CONJ,false,true,6,true,true,true,true,0,7,false,NO_DEP
122,159,25,28,7,false,DET,ADJ,NOUN,ADP,VERB,ADV,ADJ,PUNCT,false,true,4,true,true,true,true,0,17,false,NO_DEP
132,159,25,29,6,false,PUNCT,ADV,ADV,VERB,ADV,ADJ,PUNCT,CONJ,false,true,3,true,true,true,true,0,7,false,NO_DEP
141,159,25,31,4,false,DET,ADJ,NOUN,ADP,VERB,ADV,ADJ,PUNCT,false,false,1,true,true,true,true,0,0,false,NO_DEP
157,159,25,35,0,false,VERB,VERB,CONJ,VERB,ADV,PUNCT,ABS,ABS,false,false,0,true,false,false,false,0,0,false,NO_DEP
19,85,13,6,16,false,VERB,PUNCT,CONJ,DET,CONJ,PRON,ADJ,NOUN,false,true,2,true,true,true,true,0,16,false,nsubjpass
64,85,13,17,5,false,DET,NOUN,PUNCT,CONJ,VERB,VERB,VERB,ADP,false,true,1,true,true,true,true,0,3,false,nsubjpass
84,85,13,22,0,true,ADP,DET,NOUN,ADP,PUNCT,ABS,ABS,ABS,false,false,0,true,false,false,false,0,0,false,prep_of
7,26,8,1,2,false,PRON,ADV,VERB,ADP,VERB,DET,ADJ,NOUN,false,true,3,true,true,true,true,0,4,false,nsubj
3,12,1,1,3,false,ABS,ABS,PRON,VERB,ADP,PRON,ADP,PRON,false,true,1,true,true,true,true,0,0,false,dobj
7,12,1,3,1,false,PRON,ADP,PRON,ADP,VERB,PRON,ADJ,NOUN,false,false,1,true,true,true,true,0,0,false,nsubj
1,9,1,0,1,false,ABS,ABS,ABS,ABS,VERB,ADV,ADV,ADP,false,true,0,false,true,false,false,0,3,false,nsubj
12,25,4,3,3,true,VERB,DET,NOUN,ADP,ADP,PRON,ADJ,NOUN,false,true,1,true,true,true,true,0,0,false,prep_on
15,18,8,2,1,false,NOUN,PUNCT,VERB,VERB,ADP,PRON,PUNCT,ABS,false,true,0,true,false,false,false,0,0,false,dobj
13,14,4,3,0,false,NOUN,PUNCT,PRON,VERB,PUNCT,ABS,ABS,ABS,false,false,0,true,false,false,false,0,0,false,dobj
31,90,12,6,16,false,VERB,ADV,ADV,ADP,VERB,VERB,ADV,DET,true,true,3,true,true,true,true,40,9,false,nsubj
52,90,12,11,11,false,ADV,PUNCT,PRON,VERB,VERB,ADP,DET,NOUN,true,true,2,true,true,true,true,0,1,false,nsubj
86,90,12,21,1,false,PRON,VERB,ADV,VERB,ADP,ADJ,NOUN,PUNCT,false,true,1,true,false,true,true,0,0,false,dobj
5,21,4,1,4,false,CONJ,VERB,PRON,VERB,ADP,PRON,PRON,VERB,false,true,1,true,true,true,true,0,0,false,dep
8,21,4,3,2,false,VERB,PRON,ADP,PRON,VERB,PUNCT,PUNCT,PUNCT,false,true,1,true,true,true,true,0,7,false,nsubj
5,21,4,1,4,false,CONJ,VERB,PRON,VERB,ADP,PRON,PRON,VERB,false,true,1,true,true,true,true,0,0,false,dep
8,21,4,3,2,false,VERB,PRON,ADP,PRON,VERB,PUNCT,PUNCT,PUNCT,false,true,1,true,true,true,true,0,7,false,nsubj
13,45,5,3,9,true,ADV,PRON,NOUN,ADP,PUNCT,ADP,PRON,VERB,true,true,1,true,true,true,true,0,1,false,prep_for
16,45,5,4,8,false,ADP,PRON,PUNCT,ADP,VERB,PRON,PRON,VERB,true,true,1,true,true,true,true,0,16,false,prep_since
26,45,5,8,4,false,ADJ,NOUN,CONJ,VERB,VERB,PUNCT,PUNCT,PRON,true,true,0,true,true,false,false,0,6,false,nsubj
44,45,5,12,0,false,VERB,ADV,ADV,VERB,PUNCT,ABS,ABS,ABS,false,false,0,true,false,false,false,0,0,false,dobj
4,31,6,1,7,false,PUNCT,PUNCT,PRON,VERB,ADP,PUNCT,CONJ,NOUN,true,true,0,true,true,false,false,0,0,false,dobj
26,31,6,7,1,false,PRON,VERB,ADV,VERB,ADP,ADP,ADV,NOUN,false,true,0,true,false,false,false,0,0,false,dobj
20,23,6,5,1,false,PUNCT,PUNCT,PUNCT,CONJ,VERB,PRON,PUNCT,ABS,false,false,0,true,true,false,false,0,0,false,nsubj
34,43,8,7,3,false,VERB,ADP,ADP,VERB,PUNCT,PUNCT,PUNCT,PRON,false,true,0,true,true,false,false,0,6,false,dobj
40,43,8,9,1,false,PUNCT,PUNCT,PRON,VERB,ADP,PROPN,PUNCT,ABS,false,true,0,true,false,false,false,0,0,false,dobj
10,26,6,3,5,false,ADV,ADV,PUNCT,ADP,VERB,NOUN,ADP,VERB,false,true,0,true,true,false,false,12,2,false,nsubj
23,26,6,7,1,false,PUNCT,PUNCT,PRON,VERB,ADP,PROPN,PUNCT,ABS,false,true,0,true,false,false,false,0,0,false,dobj
10,93,19,3,24,false,ADV,ADV,PUNCT,ADP,VERB,NOUN,ADP,VERB,true,true,0,true,true,false,false,12,2,false,nsubj
33,93,19,10,17,false,ADP,PRON,VERB,ADP,VERB,ADV,ADV,ADV,true,true,0,true,true,false,false,0,14,false,nsubj
40,93,19,12,15,false,ADV,ADV,PRON,VERB,PUNCT,PUNCT,PUNCT,PROPN,true,true,0,true,true,false,false,0,7,false,dobj
56,93,19,17,10,false,ADP,PRON,VERB,ADP,VERB,ADV,ADV,ADV,true,true,0,true,true,false,false,0,15,false,nsubj
63,93,19,19,8,false,ADV,ADV,PRON,VERB,PUNCT,PUNCT,PUNCT,DET,true,true,0,true,true,false,false,0,8,false,dobj
4,40,8,1,10,false,PUNCT,PROPN,ADV,VERB,PUNCT,ADP,PROPN,PUNCT,true,true,2,true,true,true,true,0,1,false,dobj
17,87,18,4,16,false,NOUN,PUNCT,CONJ,VERB,ADP,VERB,ADJ,PUNCT,false,true,3,true,true,true,true,17,0,false,dobj
28,87,18,6,14,false,PRON,VERB,ADV,VERB,VERB,PUNCT,ADP,PRON,false,true,2,true,true,true,true,0,2,false,nsubj
73,87,18,17,3,false,NOUN,NOUN,PUNCT,ADV,VERB,VERB,ADV,ADP,false,true,0,true,true,false,false,0,3,false,nsubjpass
86,87,18,20,0,false,PRON,VERB,ADV,VERB,PUNCT,ABS,ABS,ABS,false,false,0,true,false,false,false,0,0,false,dobj
10,12,3,1,0,false,VERB,PUNCT,CONJ,VERB,ADV,PUNCT,ABS,ABS,false,false,0,true,false,false,false,0,0,false,root
4,134,22,1,35,false,PUNCT,PROPN,ADV,VERB,PUNCT,PUNCT,PUNCT,PRON,true,true,11,true,true,true,true,0,13,false,NO_DEP
8,134,22,2,34,false,PRON,PUNCT,PUNCT,PUNCT,VERB,ADV,ADJ,PUNCT,true,true,11,true,true,true,true,0,9,false,NO_DEP
13,134,22,3,33,false,VERB,ADV,ADJ,PUNCT,VERB,DET,ADJ,NOUN,true,true,10,true,true,true,true,0,4,false,NO_DEP
39,134,22,11,25,false,NOUN,PUNCT,PUNCT,PUNCT,VERB,ADV,ADJ,PUNCT,true,true,8,true,true,true,true,0,9,false,NO_DEP
44,134,22,12,24,false,VERB,ADV,ADJ,PUNCT,VERB,DET,ADJ,NOUN,true,true,7,true,true,true,true,0,4,false,NO_DEP
105,134,22,29,7,false,ADP,PUNCT,VERB,VERB,ADP,DET,NOUN,ADP,false,true,3,true,true,true,true,0,0,false,NO_DEP
9,51,8,2,11,false,ADJ,NOUN,CONJ,VERB,ADP,DET,NOUN,ADP,true,true,0,true,true,false,false,47,0,false,dobj
37,51,8,10,3,false,NOUN,PUNCT,CONJ,VERB,ADP,ADV,CONJ,ADV,false,true,0,true,true,false,false,47,0,false,dobj
50,51,8,13,0,false,DET,NOUN,ADP,VERB,PUNCT,ABS,ABS,ABS,false,false,0,true,false,false,false,0,0,false,dobj
1,11,4,0,1,false,ABS,ABS,ABS,ABS,VERB,ADV,ADV,PUNCT,false,true,0,false,true,false,false,0,6,false,nsubj
34,36,5,9,0,true,VERB,ADV,DET,ADP,PUNCT,PUNCT,ABS,ABS,false,false,0,true,false,false,false,0,0,false,prep_of
29,52,8,6,5,false,VERB,PUNCT,CONJ,VERB,ADP,VERB,VERB,ADP,false,true,1,true,true,true,true,29,0,false,dobj
22,42,6,4,5,true,ADP,DET,NOUN,ADP,ADJ,PUNCT,PUNCT,PUNCT,false,true,4,true,true,true,true,0,10,false,prep_of
28,42,6,5,4,false,PUNCT,PUNCT,PUNCT,VERB,VERB,DET,ADJ,ADJ,false,true,3,true,true,true,true,0,4,false,nsubj
37,42,6,8,1,false,ADP,PRON,NOUN,PUNCT,VERB,ADJ,ADP,PROPN,false,true,1,true,true,true,true,0,2,false,nsubj
15,36,11,2,7,false,PUNCT,PUNCT,PUNCT,ADP,VERB,PUNCT,PRON,VERB,false,true,0,true,true,false,false,0,11,false,nsubj
28,36,11,7,2,true,ADV,DET,NOUN,ADP,PUNCT,PUNCT,ADV,VERB,false,false,0,true,true,false,false,0,0,false,prep_of
35,36,11,9,0,false,ADV,VERB,PRON,VERB,PUNCT,ABS,ABS,ABS,false,false,0,true,false,false,false,0,0,false,dobj
5,29,6,2,5,false,PROPN,PRON,VERB,ADP,VERB,VERB,ADV,ADJ,false,true,2,true,true,true,true,9,4,false,nsubj
17,29,6,5,2,true,ADP,VERB,PRON,ADP,PUNCT,PUNCT,CONJ,PRON,false,false,1,true,true,true,true,0,0,false,prep_with
21,29,6,6,1,false,PRON,PUNCT,PUNCT,CONJ,VERB,ADJ,PUNCT,PUNCT,false,false,1,true,true,true,true,0,0,false,dep
1,7,1,0,1,false,ABS,ABS,ABS,ABS,VERB,ADV,ADJ,ADP,false,true,1,false,true,true,true,0,3,false,nsubj
8,12,1,2,1,false,NOUN,ADP,NOUN,ADV,VERB,ADP,PROPN,PUNCT,false,true,0,true,true,false,false,0,1,false,nsubj
17,31,7,5,3,false,PRON,VERB,VERB,VERB,ADP,DET,NOUN,PUNCT,false,true,1,true,true,true,true,0,0,false,dobj
26,31,7,7,1,false,PUNCT,PUNCT,INTJ,PUNCT,VERB,DET,ADJ,NOUN,false,false,1,true,true,true,true,0,0,false,nsubj
17,23,4,4,1,false,VERB,VERB,ADP,VERB,ADV,PUNCT,CONJ,ADP,false,true,0,true,false,false,false,0,3,false,dobj
12,37,5,4,6,false,ADP,PRON,VERB,VERB,ADP,PUNCT,PUNCT,PUNCT,false,true,0,true,true,false,false,28,0,false,dobj
31,37,5,9,1,false,VERB,VERB,ADP,VERB,ADV,PUNCT,CONJ,ADP,false,true,0,true,false,false,false,0,3,false,dobj
12,18,4,4,1,false,ADP,PRON,VERB,VERB,ADP,PUNCT,PUNCT,PUNCT,false,true,0,true,false,false,false,0,0,false,dobj
3,58,9,1,14,false,ABS,ABS,PROPN,VERB,PUNCT,CONJ,VERB,ADJ,false,true,1,true,true,true,true,0,4,false,dobj
49,58,9,11,4,false,ADV,VERB,PRON,VERB,ADP,ADV,ADV,PRON,false,true,0,true,true,false,false,0,0,false,dobj
57,58,9,15,0,true,PRON,VERB,NOUN,ADP,PUNCT,ABS,ABS,ABS,false,false,0,true,false,false,false,0,0,false,prep_of
16,25,4,2,4,false,ADV,VERB,PRON,VERB,ADP,ADV,ADV,PRON,false,true,0,true,true,false,false,0,0,false,dobj
24,25,4,6,0,true,PRON,VERB,NOUN,ADP,PUNCT,ABS,ABS,ABS,false,false,0,true,false,false,false,0,0,false,prep_of
19,24,5,3,1,false,PUNCT,ADP,ADP,VERB,ADP,PRON,ADJ,NOUN,false,true,1,true,false,true,true,0,0,false,dobj
11,42,6,3,8,false,ADP,PRON,PUNCT,ADP,VERB,ADP,PRON,NOUN,true,true,0,true,true,false,false,0,1,false,nsubj
34,42,6,9,2,false,DET,NOUN,ADP,VERB,PUNCT,CONJ,PRON,VERB,false,false,0,true,true,false,false,0,0,false,dobj
41,42,6,11,0,false,PRON,VERB,ADV,VERB,PUNCT,ABS,ABS,ABS,false,false,0,true,false,false,false,0,0,false,dobj
7,15,2,2,2,false,DET,NOUN,ADP,VERB,PUNCT,CONJ,PRON,VERB,false,false,0,true,true,false,false,0,0,false,dobj
14,15,2,4,0,false,PRON,VERB,ADV,VERB,PUNCT,ABS,ABS,ABS,false,false,0,true,false,false,false,0,0,false,xcomp
8,16,4,1,2,false,DET,DET,NOUN,PUNCT,VERB,ADP,DET,NOUN,false,true,0,false,true,false,false,0,1,false,nsubj
14,17,5,3,0,false,PROPN,PUNCT,CONJ,VERB,ADV,ADV,PUNCT,ABS,false,false,0,true,false,false,false,0,0,false,nsubj
16,27,2,3,4,false,NOUN,ADP,ADP,VERB,ADV,ADV,PRON,VERB,false,true,0,true,true,false,false,23,5,false,dobj
26,27,2,7,0,false,ADP,NOUN,ADP,VERB,PUNCT,ABS,ABS,ABS,false,false,0,true,false,false,false,0,0,false,dobj
15,26,1,3,4,false,NOUN,ADP,ADP,VERB,ADV,ADV,PRON,VERB,false,true,0,true,true,false,false,22,5,false,dobj
25,26,1,7,0,false,ADP,NOUN,ADP,VERB,PUNCT,ABS,ABS,ABS,false,false,0,true,false,false,false,0,0,false,dobj
35,181,28,8,34,false,CONJ,VERB,VERB,VERB,ADV,PUNCT,CONJ,ADP,true,true,6,true,true,true,true,113,3,false,NO_DEP
52,181,28,13,29,false,ADV,VERB,PRON,VERB,PUNCT,PUNCT,PUNCT,PRON,true,true,6,true,true,true,true,113,8,false,NO_DEP
89,181,28,22,20,false,CONJ,VERB,VERB,VERB,ADV,PUNCT,CONJ,ADP,true,true,4,true,true,true,true,113,3,false,NO_DEP
106,181,28,27,15,false,ADV,VERB,PRON,VERB,PUNCT,PUNCT,PUNCT,PRON,true,true,4,true,true,true,true,113,7,false,NO_DEP
121,181,28,30,12,false,DET,NOUN,PUNCT,VERB,ADP,DET,NOUN,VERB,true,true,4,true,true,true,true,172,0,false,NO_DEP
134,181,28,34,8,false,NOUN,VERB,ADJ,ADV,VERB,PUNCT,ADP,DET,true,true,3,true,true,true,true,172,2,false,NO_DEP
150,181,28,37,5,false,DET,ADJ,NOUN,PUNCT,VERB,ADV,ADJ,PRON,false,true,2,true,true,true,true,172,16,false,NO_DEP
175,181,28,41,1,false,NUM,PUNCT,ADP,VERB,ADP,DET,PUNCT,ADJ,false,true,1,true,false,true,true,0,0,false,NO_DEP
1,7,1,0,1,false,ABS,ABS,ABS,ABS,VERB,DET,ADV,ADJ,false,false,1,false,true,true,true,0,0,false,nsubj
2,27,6,0,6,false,ABS,ABS,ABS,PUNCT,VERB,PUNCT,ADP,NOUN,true,true,0,false,true,false,false,0,2,false,nsubj
25,27,6,6,0,false,VERB,ADP,PRON,VERB,VERB,PUNCT,ABS,ABS,false,false,0,true,true,false,false,0,0,false,nsubj
10,13,1,3,0,false,VERB,PRON,NOUN,ADP,VERB,ADV,PUNCT,ABS,false,false,0,true,true,false,false,0,0,false,nsubj
7,10,2,1,1,false,VERB,ADV,ADJ,ADP,VERB,PROPN,PUNCT,ABS,false,false,0,true,true,false,false,0,0,false,nsubj
5,21,4,2,4,false,PROPN,PRON,VERB,VERB,PUNCT,CONJ,PRON,VERB,false,true,1,true,true,true,true,9,4,false,dobj
15,21,4,4,2,false,VERB,ADJ,PUNCT,PUNCT,DET,VERB,ADP,DET,false,true,0,true,true,false,false,0,2,false,dep
3,4,1,1,0,false,ABS,ABS,PRON,VERB,PUNCT,ABS,ABS,ABS,false,false,0,true,false,false,false,0,0,false,dobj
13,39,9,4,6,false,PRON,VERB,ADV,VERB,ADP,DET,ADJ,PUNCT,false,true,2,true,true,true,true,33,0,false,dobj
28,39,9,8,2,false,PUNCT,PUNCT,PUNCT,ADP,VERB,VERB,VERB,DET,false,true,1,true,true,true,true,33,5,false,nsubj
